Quadrant ID,North,South,West,East
Q1A,28.19,28.1755,-82.83,-82.8155
Q1B,28.19,28.1755,-82.8155,-82.801
Q1C,28.19,28.1755,-82.801,-82.7865
Q1D,28.19,28.1755,-82.7865,-82.772
Q1E,28.19,28.1755,-82.77199999999999,-82.7575
Q1F,28.19,28.1755,-82.7575,-82.743
Q1G,28.19,28.1755,-82.743,-82.7285
Q1H,28.19,28.1755,-82.7285,-82.714
Q1I,28.19,28.1755,-82.714,-82.6995
Q1J,28.19,28.1755,-82.6995,-82.685
Q1K,28.19,28.1755,-82.685,-82.6705
Q1L,28.19,28.1755,-82.6705,-82.656
Q1M,28.19,28.1755,-82.65599999999999,-82.6415
Q1N,28.19,28.1755,-82.6415,-82.627
Q1O,28.19,28.1755,-82.627,-82.6125
Q1P,28.19,28.1755,-82.6125,-82.598
Q1Q,28.19,28.1755,-82.598,-82.5835
Q1R,28.19,28.1755,-82.5835,-82.569
Q1S,28.19,28.1755,-82.569,-82.5545
Q1T,28.19,28.1755,-82.5545,-82.54
Q1U,28.19,28.1755,-82.53999999999999,-82.5255
Q1V,28.19,28.1755,-82.5255,-82.511
Q1W,28.19,28.1755,-82.511,-82.4965
Q1X,28.19,28.1755,-82.4965,-82.482
Q1Y,28.19,28.1755,-82.482,-82.4675
Q1Z,28.19,28.1755,-82.4675,-82.453
Q1[,28.19,28.1755,-82.453,-82.4385
Q1\,28.19,28.1755,-82.4385,-82.424
Q1],28.19,28.1755,-82.42399999999999,-82.4095
Q1^,28.19,28.1755,-82.4095,-82.395
Q1_,28.19,28.1755,-82.395,-82.3805
Q1`,28.19,28.1755,-82.3805,-82.366
Q1a,28.19,28.1755,-82.366,-82.3515
Q1b,28.19,28.1755,-82.3515,-82.337
Q1c,28.19,28.1755,-82.337,-82.3225
Q1d,28.19,28.1755,-82.3225,-82.308
Q1e,28.19,28.1755,-82.30799999999999,-82.2935
Q1f,28.19,28.1755,-82.2935,-82.279
Q1g,28.19,28.1755,-82.279,-82.2645
Q1h,28.19,28.1755,-82.2645,-82.25
Q1i,28.19,28.1755,-82.25,-82.2355
Q1j,28.19,28.1755,-82.2355,-82.221
Q1k,28.19,28.1755,-82.221,-82.2065
Q2A,28.1755,28.160999999999998,-82.83,-82.8155
Q2B,28.1755,28.160999999999998,-82.8155,-82.801
Q2C,28.1755,28.160999999999998,-82.801,-82.7865
Q2D,28.1755,28.160999999999998,-82.7865,-82.772
Q2E,28.1755,28.160999999999998,-82.77199999999999,-82.7575
Q2F,28.1755,28.160999999999998,-82.7575,-82.743
Q2G,28.1755,28.160999999999998,-82.743,-82.7285
Q2H,28.1755,28.160999999999998,-82.7285,-82.714
Q2I,28.1755,28.160999999999998,-82.714,-82.6995
Q2J,28.1755,28.160999999999998,-82.6995,-82.685
Q2K,28.1755,28.160999999999998,-82.685,-82.6705
Q2L,28.1755,28.160999999999998,-82.6705,-82.656
Q2M,28.1755,28.160999999999998,-82.65599999999999,-82.6415
Q2N,28.1755,28.160999999999998,-82.6415,-82.627
Q2O,28.1755,28.160999999999998,-82.627,-82.6125
Q2P,28.1755,28.160999999999998,-82.6125,-82.598
Q2Q,28.1755,28.160999999999998,-82.598,-82.5835
Q2R,28.1755,28.160999999999998,-82.5835,-82.569
Q2S,28.1755,28.160999999999998,-82.569,-82.5545
Q2T,28.1755,28.160999999999998,-82.5545,-82.54
Q2U,28.1755,28.160999999999998,-82.53999999999999,-82.5255
Q2V,28.1755,28.160999999999998,-82.5255,-82.511
Q2W,28.1755,28.160999999999998,-82.511,-82.4965
Q2X,28.1755,28.160999999999998,-82.4965,-82.482
Q2Y,28.1755,28.160999999999998,-82.482,-82.4675
Q2Z,28.1755,28.160999999999998,-82.4675,-82.453
Q2[,28.1755,28.160999999999998,-82.453,-82.4385
Q2\,28.1755,28.160999999999998,-82.4385,-82.424
Q2],28.1755,28.160999999999998,-82.42399999999999,-82.4095
Q2^,28.1755,28.160999999999998,-82.4095,-82.395
Q2_,28.1755,28.160999999999998,-82.395,-82.3805
Q2`,28.1755,28.160999999999998,-82.3805,-82.366
Q2a,28.1755,28.160999999999998,-82.366,-82.3515
Q2b,28.1755,28.160999999999998,-82.3515,-82.337
Q2c,28.1755,28.160999999999998,-82.337,-82.3225
Q2d,28.1755,28.160999999999998,-82.3225,-82.308
Q2e,28.1755,28.160999999999998,-82.30799999999999,-82.2935
Q2f,28.1755,28.160999999999998,-82.2935,-82.279
Q2g,28.1755,28.160999999999998,-82.279,-82.2645
Q2h,28.1755,28.160999999999998,-82.2645,-82.25
Q2i,28.1755,28.160999999999998,-82.25,-82.2355
Q2j,28.1755,28.160999999999998,-82.2355,-82.221
Q2k,28.1755,28.160999999999998,-82.221,-82.2065
Q3A,28.161,28.1465,-82.83,-82.8155
Q3B,28.161,28.1465,-82.8155,-82.801
Q3C,28.161,28.1465,-82.801,-82.7865
Q3D,28.161,28.1465,-82.7865,-82.772
Q3E,28.161,28.1465,-82.77199999999999,-82.7575
Q3F,28.161,28.1465,-82.7575,-82.743
Q3G,28.161,28.1465,-82.743,-82.7285
Q3H,28.161,28.1465,-82.7285,-82.714
Q3I,28.161,28.1465,-82.714,-82.6995
Q3J,28.161,28.1465,-82.6995,-82.685
Q3K,28.161,28.1465,-82.685,-82.6705
Q3L,28.161,28.1465,-82.6705,-82.656
Q3M,28.161,28.1465,-82.65599999999999,-82.6415
Q3N,28.161,28.1465,-82.6415,-82.627
Q3O,28.161,28.1465,-82.627,-82.6125
Q3P,28.161,28.1465,-82.6125,-82.598
Q3Q,28.161,28.1465,-82.598,-82.5835
Q3R,28.161,28.1465,-82.5835,-82.569
Q3S,28.161,28.1465,-82.569,-82.5545
Q3T,28.161,28.1465,-82.5545,-82.54
Q3U,28.161,28.1465,-82.53999999999999,-82.5255
Q3V,28.161,28.1465,-82.5255,-82.511
Q3W,28.161,28.1465,-82.511,-82.4965
Q3X,28.161,28.1465,-82.4965,-82.482
Q3Y,28.161,28.1465,-82.482,-82.4675
Q3Z,28.161,28.1465,-82.4675,-82.453
Q3[,28.161,28.1465,-82.453,-82.4385
Q3\,28.161,28.1465,-82.4385,-82.424
Q3],28.161,28.1465,-82.42399999999999,-82.4095
Q3^,28.161,28.1465,-82.4095,-82.395
Q3_,28.161,28.1465,-82.395,-82.3805
Q3`,28.161,28.1465,-82.3805,-82.366
Q3a,28.161,28.1465,-82.366,-82.3515
Q3b,28.161,28.1465,-82.3515,-82.337
Q3c,28.161,28.1465,-82.337,-82.3225
Q3d,28.161,28.1465,-82.3225,-82.308
Q3e,28.161,28.1465,-82.30799999999999,-82.2935
Q3f,28.161,28.1465,-82.2935,-82.279
Q3g,28.161,28.1465,-82.279,-82.2645
Q3h,28.161,28.1465,-82.2645,-82.25
Q3i,28.161,28.1465,-82.25,-82.2355
Q3j,28.161,28.1465,-82.2355,-82.221
Q3k,28.161,28.1465,-82.221,-82.2065
Q4A,28.1465,28.131999999999998,-82.83,-82.8155
Q4B,28.1465,28.131999999999998,-82.8155,-82.801
Q4C,28.1465,28.131999999999998,-82.801,-82.7865
Q4D,28.1465,28.131999999999998,-82.7865,-82.772
Q4E,28.1465,28.131999999999998,-82.77199999999999,-82.7575
Q4F,28.1465,28.131999999999998,-82.7575,-82.743
Q4G,28.1465,28.131999999999998,-82.743,-82.7285
Q4H,28.1465,28.131999999999998,-82.7285,-82.714
Q4I,28.1465,28.131999999999998,-82.714,-82.6995
Q4J,28.1465,28.131999999999998,-82.6995,-82.685
Q4K,28.1465,28.131999999999998,-82.685,-82.6705
Q4L,28.1465,28.131999999999998,-82.6705,-82.656
Q4M,28.1465,28.131999999999998,-82.65599999999999,-82.6415
Q4N,28.1465,28.131999999999998,-82.6415,-82.627
Q4O,28.1465,28.131999999999998,-82.627,-82.6125
Q4P,28.1465,28.131999999999998,-82.6125,-82.598
Q4Q,28.1465,28.131999999999998,-82.598,-82.5835
Q4R,28.1465,28.131999999999998,-82.5835,-82.569
Q4S,28.1465,28.131999999999998,-82.569,-82.5545
Q4T,28.1465,28.131999999999998,-82.5545,-82.54
Q4U,28.1465,28.131999999999998,-82.53999999999999,-82.5255
Q4V,28.1465,28.131999999999998,-82.5255,-82.511
Q4W,28.1465,28.131999999999998,-82.511,-82.4965
Q4X,28.1465,28.131999999999998,-82.4965,-82.482
Q4Y,28.1465,28.131999999999998,-82.482,-82.4675
Q4Z,28.1465,28.131999999999998,-82.4675,-82.453
Q4[,28.1465,28.131999999999998,-82.453,-82.4385
Q4\,28.1465,28.131999999999998,-82.4385,-82.424
Q4],28.1465,28.131999999999998,-82.42399999999999,-82.4095
Q4^,28.1465,28.131999999999998,-82.4095,-82.395
Q4_,28.1465,28.131999999999998,-82.395,-82.3805
Q4`,28.1465,28.131999999999998,-82.3805,-82.366
Q4a,28.1465,28.131999999999998,-82.366,-82.3515
Q4b,28.1465,28.131999999999998,-82.3515,-82.337
Q4c,28.1465,28.131999999999998,-82.337,-82.3225
Q4d,28.1465,28.131999999999998,-82.3225,-82.308
Q4e,28.1465,28.131999999999998,-82.30799999999999,-82.2935
Q4f,28.1465,28.131999999999998,-82.2935,-82.279
Q4g,28.1465,28.131999999999998,-82.279,-82.2645
Q4h,28.1465,28.131999999999998,-82.2645,-82.25
Q4i,28.1465,28.131999999999998,-82.25,-82.2355
Q4j,28.1465,28.131999999999998,-82.2355,-82.221
Q4k,28.1465,28.131999999999998,-82.221,-82.2065
Q5A,28.132,28.1175,-82.83,-82.8155
Q5B,28.132,28.1175,-82.8155,-82.801
Q5C,28.132,28.1175,-82.801,-82.7865
Q5D,28.132,28.1175,-82.7865,-82.772
Q5E,28.132,28.1175,-82.77199999999999,-82.7575
Q5F,28.132,28.1175,-82.7575,-82.743
Q5G,28.132,28.1175,-82.743,-82.7285
Q5H,28.132,28.1175,-82.7285,-82.714
Q5I,28.132,28.1175,-82.714,-82.6995
Q5J,28.132,28.1175,-82.6995,-82.685
Q5K,28.132,28.1175,-82.685,-82.6705
Q5L,28.132,28.1175,-82.6705,-82.656
Q5M,28.132,28.1175,-82.65599999999999,-82.6415
Q5N,28.132,28.1175,-82.6415,-82.627
Q5O,28.132,28.1175,-82.627,-82.6125
Q5P,28.132,28.1175,-82.6125,-82.598
Q5Q,28.132,28.1175,-82.598,-82.5835
Q5R,28.132,28.1175,-82.5835,-82.569
Q5S,28.132,28.1175,-82.569,-82.5545
Q5T,28.132,28.1175,-82.5545,-82.54
Q5U,28.132,28.1175,-82.53999999999999,-82.5255
Q5V,28.132,28.1175,-82.5255,-82.511
Q5W,28.132,28.1175,-82.511,-82.4965
Q5X,28.132,28.1175,-82.4965,-82.482
Q5Y,28.132,28.1175,-82.482,-82.4675
Q5Z,28.132,28.1175,-82.4675,-82.453
Q5[,28.132,28.1175,-82.453,-82.4385
Q5\,28.132,28.1175,-82.4385,-82.424
Q5],28.132,28.1175,-82.42399999999999,-82.4095
Q5^,28.132,28.1175,-82.4095,-82.395
Q5_,28.132,28.1175,-82.395,-82.3805
Q5`,28.132,28.1175,-82.3805,-82.366
Q5a,28.132,28.1175,-82.366,-82.3515
Q5b,28.132,28.1175,-82.3515,-82.337
Q5c,28.132,28.1175,-82.337,-82.3225
Q5d,28.132,28.1175,-82.3225,-82.308
Q5e,28.132,28.1175,-82.30799999999999,-82.2935
Q5f,28.132,28.1175,-82.2935,-82.279
Q5g,28.132,28.1175,-82.279,-82.2645
Q5h,28.132,28.1175,-82.2645,-82.25
Q5i,28.132,28.1175,-82.25,-82.2355
Q5j,28.132,28.1175,-82.2355,-82.221
Q5k,28.132,28.1175,-82.221,-82.2065
Q6A,28.1175,28.102999999999998,-82.83,-82.8155
Q6B,28.1175,28.102999999999998,-82.8155,-82.801
Q6C,28.1175,28.102999999999998,-82.801,-82.7865
Q6D,28.1175,28.102999999999998,-82.7865,-82.772
Q6E,28.1175,28.102999999999998,-82.77199999999999,-82.7575
Q6F,28.1175,28.102999999999998,-82.7575,-82.743
Q6G,28.1175,28.102999999999998,-82.743,-82.7285
Q6H,28.1175,28.102999999999998,-82.7285,-82.714
Q6I,28.1175,28.102999999999998,-82.714,-82.6995
Q6J,28.1175,28.102999999999998,-82.6995,-82.685
Q6K,28.1175,28.102999999999998,-82.685,-82.6705
Q6L,28.1175,28.102999999999998,-82.6705,-82.656
Q6M,28.1175,28.102999999999998,-82.65599999999999,-82.6415
Q6N,28.1175,28.102999999999998,-82.6415,-82.627
Q6O,28.1175,28.102999999999998,-82.627,-82.6125
Q6P,28.1175,28.102999999999998,-82.6125,-82.598
Q6Q,28.1175,28.102999999999998,-82.598,-82.5835
Q6R,28.1175,28.102999999999998,-82.5835,-82.569
Q6S,28.1175,28.102999999999998,-82.569,-82.5545
Q6T,28.1175,28.102999999999998,-82.5545,-82.54
Q6U,28.1175,28.102999999999998,-82.53999999999999,-82.5255
Q6V,28.1175,28.102999999999998,-82.5255,-82.511
Q6W,28.1175,28.102999999999998,-82.511,-82.4965
Q6X,28.1175,28.102999999999998,-82.4965,-82.482
Q6Y,28.1175,28.102999999999998,-82.482,-82.4675
Q6Z,28.1175,28.102999999999998,-82.4675,-82.453
Q6[,28.1175,28.102999999999998,-82.453,-82.4385
Q6\,28.1175,28.102999999999998,-82.4385,-82.424
Q6],28.1175,28.102999999999998,-82.42399999999999,-82.4095
Q6^,28.1175,28.102999999999998,-82.4095,-82.395
Q6_,28.1175,28.102999999999998,-82.395,-82.3805
Q6`,28.1175,28.102999999999998,-82.3805,-82.366
Q6a,28.1175,28.102999999999998,-82.366,-82.3515
Q6b,28.1175,28.102999999999998,-82.3515,-82.337
Q6c,28.1175,28.102999999999998,-82.337,-82.3225
Q6d,28.1175,28.102999999999998,-82.3225,-82.308
Q6e,28.1175,28.102999999999998,-82.30799999999999,-82.2935
Q6f,28.1175,28.102999999999998,-82.2935,-82.279
Q6g,28.1175,28.102999999999998,-82.279,-82.2645
Q6h,28.1175,28.102999999999998,-82.2645,-82.25
Q6i,28.1175,28.102999999999998,-82.25,-82.2355
Q6j,28.1175,28.102999999999998,-82.2355,-82.221
Q6k,28.1175,28.102999999999998,-82.221,-82.2065
Q7A,28.103,28.0885,-82.83,-82.8155
Q7B,28.103,28.0885,-82.8155,-82.801
Q7C,28.103,28.0885,-82.801,-82.7865
Q7D,28.103,28.0885,-82.7865,-82.772
Q7E,28.103,28.0885,-82.77199999999999,-82.7575
Q7F,28.103,28.0885,-82.7575,-82.743
Q7G,28.103,28.0885,-82.743,-82.7285
Q7H,28.103,28.0885,-82.7285,-82.714
Q7I,28.103,28.0885,-82.714,-82.6995
Q7J,28.103,28.0885,-82.6995,-82.685
Q7K,28.103,28.0885,-82.685,-82.6705
Q7L,28.103,28.0885,-82.6705,-82.656
Q7M,28.103,28.0885,-82.65599999999999,-82.6415
Q7N,28.103,28.0885,-82.6415,-82.627
Q7O,28.103,28.0885,-82.627,-82.6125
Q7P,28.103,28.0885,-82.6125,-82.598
Q7Q,28.103,28.0885,-82.598,-82.5835
Q7R,28.103,28.0885,-82.5835,-82.569
Q7S,28.103,28.0885,-82.569,-82.5545
Q7T,28.103,28.0885,-82.5545,-82.54
Q7U,28.103,28.0885,-82.53999999999999,-82.5255
Q7V,28.103,28.0885,-82.5255,-82.511
Q7W,28.103,28.0885,-82.511,-82.4965
Q7X,28.103,28.0885,-82.4965,-82.482
Q7Y,28.103,28.0885,-82.482,-82.4675
Q7Z,28.103,28.0885,-82.4675,-82.453
Q7[,28.103,28.0885,-82.453,-82.4385
Q7\,28.103,28.0885,-82.4385,-82.424
Q7],28.103,28.0885,-82.42399999999999,-82.4095
Q7^,28.103,28.0885,-82.4095,-82.395
Q7_,28.103,28.0885,-82.395,-82.3805
Q7`,28.103,28.0885,-82.3805,-82.366
Q7a,28.103,28.0885,-82.366,-82.3515
Q7b,28.103,28.0885,-82.3515,-82.337
Q7c,28.103,28.0885,-82.337,-82.3225
Q7d,28.103,28.0885,-82.3225,-82.308
Q7e,28.103,28.0885,-82.30799999999999,-82.2935
Q7f,28.103,28.0885,-82.2935,-82.279
Q7g,28.103,28.0885,-82.279,-82.2645
Q7h,28.103,28.0885,-82.2645,-82.25
Q7i,28.103,28.0885,-82.25,-82.2355
Q7j,28.103,28.0885,-82.2355,-82.221
Q7k,28.103,28.0885,-82.221,-82.2065
Q8A,28.0885,28.073999999999998,-82.83,-82.8155
Q8B,28.0885,28.073999999999998,-82.8155,-82.801
Q8C,28.0885,28.073999999999998,-82.801,-82.7865
Q8D,28.0885,28.073999999999998,-82.7865,-82.772
Q8E,28.0885,28.073999999999998,-82.77199999999999,-82.7575
Q8F,28.0885,28.073999999999998,-82.7575,-82.743
Q8G,28.0885,28.073999999999998,-82.743,-82.7285
Q8H,28.0885,28.073999999999998,-82.7285,-82.714
Q8I,28.0885,28.073999999999998,-82.714,-82.6995
Q8J,28.0885,28.073999999999998,-82.6995,-82.685
Q8K,28.0885,28.073999999999998,-82.685,-82.6705
Q8L,28.0885,28.073999999999998,-82.6705,-82.656
Q8M,28.0885,28.073999999999998,-82.65599999999999,-82.6415
Q8N,28.0885,28.073999999999998,-82.6415,-82.627
Q8O,28.0885,28.073999999999998,-82.627,-82.6125
Q8P,28.0885,28.073999999999998,-82.6125,-82.598
Q8Q,28.0885,28.073999999999998,-82.598,-82.5835
Q8R,28.0885,28.073999999999998,-82.5835,-82.569
Q8S,28.0885,28.073999999999998,-82.569,-82.5545
Q8T,28.0885,28.073999999999998,-82.5545,-82.54
Q8U,28.0885,28.073999999999998,-82.53999999999999,-82.5255
Q8V,28.0885,28.073999999999998,-82.5255,-82.511
Q8W,28.0885,28.073999999999998,-82.511,-82.4965
Q8X,28.0885,28.073999999999998,-82.4965,-82.482
Q8Y,28.0885,28.073999999999998,-82.482,-82.4675
Q8Z,28.0885,28.073999999999998,-82.4675,-82.453
Q8[,28.0885,28.073999999999998,-82.453,-82.4385
Q8\,28.0885,28.073999999999998,-82.4385,-82.424
Q8],28.0885,28.073999999999998,-82.42399999999999,-82.4095
Q8^,28.0885,28.073999999999998,-82.4095,-82.395
Q8_,28.0885,28.073999999999998,-82.395,-82.3805
Q8`,28.0885,28.073999999999998,-82.3805,-82.366
Q8a,28.0885,28.073999999999998,-82.366,-82.3515
Q8b,28.0885,28.073999999999998,-82.3515,-82.337
Q8c,28.0885,28.073999999999998,-82.337,-82.3225
Q8d,28.0885,28.073999999999998,-82.3225,-82.308
Q8e,28.0885,28.073999999999998,-82.30799999999999,-82.2935
Q8f,28.0885,28.073999999999998,-82.2935,-82.279
Q8g,28.0885,28.073999999999998,-82.279,-82.2645
Q8h,28.0885,28.073999999999998,-82.2645,-82.25
Q8i,28.0885,28.073999999999998,-82.25,-82.2355
Q8j,28.0885,28.073999999999998,-82.2355,-82.221
Q8k,28.0885,28.073999999999998,-82.221,-82.2065
Q9A,28.074,28.0595,-82.83,-82.8155
Q9B,28.074,28.0595,-82.8155,-82.801
Q9C,28.074,28.0595,-82.801,-82.7865
Q9D,28.074,28.0595,-82.7865,-82.772
Q9E,28.074,28.0595,-82.77199999999999,-82.7575
Q9F,28.074,28.0595,-82.7575,-82.743
Q9G,28.074,28.0595,-82.743,-82.7285
Q9H,28.074,28.0595,-82.7285,-82.714
Q9I,28.074,28.0595,-82.714,-82.6995
Q9J,28.074,28.0595,-82.6995,-82.685
Q9K,28.074,28.0595,-82.685,-82.6705
Q9L,28.074,28.0595,-82.6705,-82.656
Q9M,28.074,28.0595,-82.65599999999999,-82.6415
Q9N,28.074,28.0595,-82.6415,-82.627
Q9O,28.074,28.0595,-82.627,-82.6125
Q9P,28.074,28.0595,-82.6125,-82.598
Q9Q,28.074,28.0595,-82.598,-82.5835
Q9R,28.074,28.0595,-82.5835,-82.569
Q9S,28.074,28.0595,-82.569,-82.5545
Q9T,28.074,28.0595,-82.5545,-82.54
Q9U,28.074,28.0595,-82.53999999999999,-82.5255
Q9V,28.074,28.0595,-82.5255,-82.511
Q9W,28.074,28.0595,-82.511,-82.4965
Q9X,28.074,28.0595,-82.4965,-82.482
Q9Y,28.074,28.0595,-82.482,-82.4675
Q9Z,28.074,28.0595,-82.4675,-82.453
Q9[,28.074,28.0595,-82.453,-82.4385
Q9\,28.074,28.0595,-82.4385,-82.424
Q9],28.074,28.0595,-82.42399999999999,-82.4095
Q9^,28.074,28.0595,-82.4095,-82.395
Q9_,28.074,28.0595,-82.395,-82.3805
Q9`,28.074,28.0595,-82.3805,-82.366
Q9a,28.074,28.0595,-82.366,-82.3515
Q9b,28.074,28.0595,-82.3515,-82.337
Q9c,28.074,28.0595,-82.337,-82.3225
Q9d,28.074,28.0595,-82.3225,-82.308
Q9e,28.074,28.0595,-82.30799999999999,-82.2935
Q9f,28.074,28.0595,-82.2935,-82.279
Q9g,28.074,28.0595,-82.279,-82.2645
Q9h,28.074,28.0595,-82.2645,-82.25
Q9i,28.074,28.0595,-82.25,-82.2355
Q9j,28.074,28.0595,-82.2355,-82.221
Q9k,28.074,28.0595,-82.221,-82.2065
Q10A,28.0595,28.044999999999998,-82.83,-82.8155
Q10B,28.0595,28.044999999999998,-82.8155,-82.801
Q10C,28.0595,28.044999999999998,-82.801,-82.7865
Q10D,28.0595,28.044999999999998,-82.7865,-82.772
Q10E,28.0595,28.044999999999998,-82.77199999999999,-82.7575
Q10F,28.0595,28.044999999999998,-82.7575,-82.743
Q10G,28.0595,28.044999999999998,-82.743,-82.7285
Q10H,28.0595,28.044999999999998,-82.7285,-82.714
Q10I,28.0595,28.044999999999998,-82.714,-82.6995
Q10J,28.0595,28.044999999999998,-82.6995,-82.685
Q10K,28.0595,28.044999999999998,-82.685,-82.6705
Q10L,28.0595,28.044999999999998,-82.6705,-82.656
Q10M,28.0595,28.044999999999998,-82.65599999999999,-82.6415
Q10N,28.0595,28.044999999999998,-82.6415,-82.627
Q10O,28.0595,28.044999999999998,-82.627,-82.6125
Q10P,28.0595,28.044999999999998,-82.6125,-82.598
Q10Q,28.0595,28.044999999999998,-82.598,-82.5835
Q10R,28.0595,28.044999999999998,-82.5835,-82.569
Q10S,28.0595,28.044999999999998,-82.569,-82.5545
Q10T,28.0595,28.044999999999998,-82.5545,-82.54
Q10U,28.0595,28.044999999999998,-82.53999999999999,-82.5255
Q10V,28.0595,28.044999999999998,-82.5255,-82.511
Q10W,28.0595,28.044999999999998,-82.511,-82.4965
Q10X,28.0595,28.044999999999998,-82.4965,-82.482
Q10Y,28.0595,28.044999999999998,-82.482,-82.4675
Q10Z,28.0595,28.044999999999998,-82.4675,-82.453
Q10[,28.0595,28.044999999999998,-82.453,-82.4385
Q10\,28.0595,28.044999999999998,-82.4385,-82.424
Q10],28.0595,28.044999999999998,-82.42399999999999,-82.4095
Q10^,28.0595,28.044999999999998,-82.4095,-82.395
Q10_,28.0595,28.044999999999998,-82.395,-82.3805
Q10`,28.0595,28.044999999999998,-82.3805,-82.366
Q10a,28.0595,28.044999999999998,-82.366,-82.3515
Q10b,28.0595,28.044999999999998,-82.3515,-82.337
Q10c,28.0595,28.044999999999998,-82.337,-82.3225
Q10d,28.0595,28.044999999999998,-82.3225,-82.308
Q10e,28.0595,28.044999999999998,-82.30799999999999,-82.2935
Q10f,28.0595,28.044999999999998,-82.2935,-82.279
Q10g,28.0595,28.044999999999998,-82.279,-82.2645
Q10h,28.0595,28.044999999999998,-82.2645,-82.25
Q10i,28.0595,28.044999999999998,-82.25,-82.2355
Q10j,28.0595,28.044999999999998,-82.2355,-82.221
Q10k,28.0595,28.044999999999998,-82.221,-82.2065
Q11A,28.045,28.0305,-82.83,-82.8155
Q11B,28.045,28.0305,-82.8155,-82.801
Q11C,28.045,28.0305,-82.801,-82.7865
Q11D,28.045,28.0305,-82.7865,-82.772
Q11E,28.045,28.0305,-82.77199999999999,-82.7575
Q11F,28.045,28.0305,-82.7575,-82.743
Q11G,28.045,28.0305,-82.743,-82.7285
Q11H,28.045,28.0305,-82.7285,-82.714
Q11I,28.045,28.0305,-82.714,-82.6995
Q11J,28.045,28.0305,-82.6995,-82.685
Q11K,28.045,28.0305,-82.685,-82.6705
Q11L,28.045,28.0305,-82.6705,-82.656
Q11M,28.045,28.0305,-82.65599999999999,-82.6415
Q11N,28.045,28.0305,-82.6415,-82.627
Q11O,28.045,28.0305,-82.627,-82.6125
Q11P,28.045,28.0305,-82.6125,-82.598
Q11Q,28.045,28.0305,-82.598,-82.5835
Q11R,28.045,28.0305,-82.5835,-82.569
Q11S,28.045,28.0305,-82.569,-82.5545
Q11T,28.045,28.0305,-82.5545,-82.54
Q11U,28.045,28.0305,-82.53999999999999,-82.5255
Q11V,28.045,28.0305,-82.5255,-82.511
Q11W,28.045,28.0305,-82.511,-82.4965
Q11X,28.045,28.0305,-82.4965,-82.482
Q11Y,28.045,28.0305,-82.482,-82.4675
Q11Z,28.045,28.0305,-82.4675,-82.453
Q11[,28.045,28.0305,-82.453,-82.4385
Q11\,28.045,28.0305,-82.4385,-82.424
Q11],28.045,28.0305,-82.42399999999999,-82.4095
Q11^,28.045,28.0305,-82.4095,-82.395
Q11_,28.045,28.0305,-82.395,-82.3805
Q11`,28.045,28.0305,-82.3805,-82.366
Q11a,28.045,28.0305,-82.366,-82.3515
Q11b,28.045,28.0305,-82.3515,-82.337
Q11c,28.045,28.0305,-82.337,-82.3225
Q11d,28.045,28.0305,-82.3225,-82.308
Q11e,28.045,28.0305,-82.30799999999999,-82.2935
Q11f,28.045,28.0305,-82.2935,-82.279
Q11g,28.045,28.0305,-82.279,-82.2645
Q11h,28.045,28.0305,-82.2645,-82.25
Q11i,28.045,28.0305,-82.25,-82.2355
Q11j,28.045,28.0305,-82.2355,-82.221
Q11k,28.045,28.0305,-82.221,-82.2065
Q12A,28.0305,28.016,-82.83,-82.8155
Q12B,28.0305,28.016,-82.8155,-82.801
Q12C,28.0305,28.016,-82.801,-82.7865
Q12D,28.0305,28.016,-82.7865,-82.772
Q12E,28.0305,28.016,-82.77199999999999,-82.7575
Q12F,28.0305,28.016,-82.7575,-82.743
Q12G,28.0305,28.016,-82.743,-82.7285
Q12H,28.0305,28.016,-82.7285,-82.714
Q12I,28.0305,28.016,-82.714,-82.6995
Q12J,28.0305,28.016,-82.6995,-82.685
Q12K,28.0305,28.016,-82.685,-82.6705
Q12L,28.0305,28.016,-82.6705,-82.656
Q12M,28.0305,28.016,-82.65599999999999,-82.6415
Q12N,28.0305,28.016,-82.6415,-82.627
Q12O,28.0305,28.016,-82.627,-82.6125
Q12P,28.0305,28.016,-82.6125,-82.598
Q12Q,28.0305,28.016,-82.598,-82.5835
Q12R,28.0305,28.016,-82.5835,-82.569
Q12S,28.0305,28.016,-82.569,-82.5545
Q12T,28.0305,28.016,-82.5545,-82.54
Q12U,28.0305,28.016,-82.53999999999999,-82.5255
Q12V,28.0305,28.016,-82.5255,-82.511
Q12W,28.0305,28.016,-82.511,-82.4965
Q12X,28.0305,28.016,-82.4965,-82.482
Q12Y,28.0305,28.016,-82.482,-82.4675
Q12Z,28.0305,28.016,-82.4675,-82.453
Q12[,28.0305,28.016,-82.453,-82.4385
Q12\,28.0305,28.016,-82.4385,-82.424
Q12],28.0305,28.016,-82.42399999999999,-82.4095
Q12^,28.0305,28.016,-82.4095,-82.395
Q12_,28.0305,28.016,-82.395,-82.3805
Q12`,28.0305,28.016,-82.3805,-82.366
Q12a,28.0305,28.016,-82.366,-82.3515
Q12b,28.0305,28.016,-82.3515,-82.337
Q12c,28.0305,28.016,-82.337,-82.3225
Q12d,28.0305,28.016,-82.3225,-82.308
Q12e,28.0305,28.016,-82.30799999999999,-82.2935
Q12f,28.0305,28.016,-82.2935,-82.279
Q12g,28.0305,28.016,-82.279,-82.2645
Q12h,28.0305,28.016,-82.2645,-82.25
Q12i,28.0305,28.016,-82.25,-82.2355
Q12j,28.0305,28.016,-82.2355,-82.221
Q12k,28.0305,28.016,-82.221,-82.2065
Q13A,28.016000000000002,28.0015,-82.83,-82.8155
Q13B,28.016000000000002,28.0015,-82.8155,-82.801
Q13C,28.016000000000002,28.0015,-82.801,-82.7865
Q13D,28.016000000000002,28.0015,-82.7865,-82.772
Q13E,28.016000000000002,28.0015,-82.77199999999999,-82.7575
Q13F,28.016000000000002,28.0015,-82.7575,-82.743
Q13G,28.016000000000002,28.0015,-82.743,-82.7285
Q13H,28.016000000000002,28.0015,-82.7285,-82.714
Q13I,28.016000000000002,28.0015,-82.714,-82.6995
Q13J,28.016000000000002,28.0015,-82.6995,-82.685
Q13K,28.016000000000002,28.0015,-82.685,-82.6705
Q13L,28.016000000000002,28.0015,-82.6705,-82.656
Q13M,28.016000000000002,28.0015,-82.65599999999999,-82.6415
Q13N,28.016000000000002,28.0015,-82.6415,-82.627
Q13O,28.016000000000002,28.0015,-82.627,-82.6125
Q13P,28.016000000000002,28.0015,-82.6125,-82.598
Q13Q,28.016000000000002,28.0015,-82.598,-82.5835
Q13R,28.016000000000002,28.0015,-82.5835,-82.569
Q13S,28.016000000000002,28.0015,-82.569,-82.5545
Q13T,28.016000000000002,28.0015,-82.5545,-82.54
Q13U,28.016000000000002,28.0015,-82.53999999999999,-82.5255
Q13V,28.016000000000002,28.0015,-82.5255,-82.511
Q13W,28.016000000000002,28.0015,-82.511,-82.4965
Q13X,28.016000000000002,28.0015,-82.4965,-82.482
Q13Y,28.016000000000002,28.0015,-82.482,-82.4675
Q13Z,28.016000000000002,28.0015,-82.4675,-82.453
Q13[,28.016000000000002,28.0015,-82.453,-82.4385
Q13\,28.016000000000002,28.0015,-82.4385,-82.424
Q13],28.016000000000002,28.0015,-82.42399999999999,-82.4095
Q13^,28.016000000000002,28.0015,-82.4095,-82.395
Q13_,28.016000000000002,28.0015,-82.395,-82.3805
Q13`,28.016000000000002,28.0015,-82.3805,-82.366
Q13a,28.016000000000002,28.0015,-82.366,-82.3515
Q13b,28.016000000000002,28.0015,-82.3515,-82.337
Q13c,28.016000000000002,28.0015,-82.337,-82.3225
Q13d,28.016000000000002,28.0015,-82.3225,-82.308
Q13e,28.016000000000002,28.0015,-82.30799999999999,-82.2935
Q13f,28.016000000000002,28.0015,-82.2935,-82.279
Q13g,28.016000000000002,28.0015,-82.279,-82.2645
Q13h,28.016000000000002,28.0015,-82.2645,-82.25
Q13i,28.016000000000002,28.0015,-82.25,-82.2355
Q13j,28.016000000000002,28.0015,-82.2355,-82.221
Q13k,28.016000000000002,28.0015,-82.221,-82.2065
Q14A,28.0015,27.987,-82.83,-82.8155
Q14B,28.0015,27.987,-82.8155,-82.801
Q14C,28.0015,27.987,-82.801,-82.7865
Q14D,28.0015,27.987,-82.7865,-82.772
Q14E,28.0015,27.987,-82.77199999999999,-82.7575
Q14F,28.0015,27.987,-82.7575,-82.743
Q14G,28.0015,27.987,-82.743,-82.7285
Q14H,28.0015,27.987,-82.7285,-82.714
Q14I,28.0015,27.987,-82.714,-82.6995
Q14J,28.0015,27.987,-82.6995,-82.685
Q14K,28.0015,27.987,-82.685,-82.6705
Q14L,28.0015,27.987,-82.6705,-82.656
Q14M,28.0015,27.987,-82.65599999999999,-82.6415
Q14N,28.0015,27.987,-82.6415,-82.627
Q14O,28.0015,27.987,-82.627,-82.6125
Q14P,28.0015,27.987,-82.6125,-82.598
Q14Q,28.0015,27.987,-82.598,-82.5835
Q14R,28.0015,27.987,-82.5835,-82.569
Q14S,28.0015,27.987,-82.569,-82.5545
Q14T,28.0015,27.987,-82.5545,-82.54
Q14U,28.0015,27.987,-82.53999999999999,-82.5255
Q14V,28.0015,27.987,-82.5255,-82.511
Q14W,28.0015,27.987,-82.511,-82.4965
Q14X,28.0015,27.987,-82.4965,-82.482
Q14Y,28.0015,27.987,-82.482,-82.4675
Q14Z,28.0015,27.987,-82.4675,-82.453
Q14[,28.0015,27.987,-82.453,-82.4385
Q14\,28.0015,27.987,-82.4385,-82.424
Q14],28.0015,27.987,-82.42399999999999,-82.4095
Q14^,28.0015,27.987,-82.4095,-82.395
Q14_,28.0015,27.987,-82.395,-82.3805
Q14`,28.0015,27.987,-82.3805,-82.366
Q14a,28.0015,27.987,-82.366,-82.3515
Q14b,28.0015,27.987,-82.3515,-82.337
Q14c,28.0015,27.987,-82.337,-82.3225
Q14d,28.0015,27.987,-82.3225,-82.308
Q14e,28.0015,27.987,-82.30799999999999,-82.2935
Q14f,28.0015,27.987,-82.2935,-82.279
Q14g,28.0015,27.987,-82.279,-82.2645
Q14h,28.0015,27.987,-82.2645,-82.25
Q14i,28.0015,27.987,-82.25,-82.2355
Q14j,28.0015,27.987,-82.2355,-82.221
Q14k,28.0015,27.987,-82.221,-82.2065
Q15A,27.987000000000002,27.9725,-82.83,-82.8155
Q15B,27.987000000000002,27.9725,-82.8155,-82.801
Q15C,27.987000000000002,27.9725,-82.801,-82.7865
Q15D,27.987000000000002,27.9725,-82.7865,-82.772
Q15E,27.987000000000002,27.9725,-82.77199999999999,-82.7575
Q15F,27.987000000000002,27.9725,-82.7575,-82.743
Q15G,27.987000000000002,27.9725,-82.743,-82.7285
Q15H,27.987000000000002,27.9725,-82.7285,-82.714
Q15I,27.987000000000002,27.9725,-82.714,-82.6995
Q15J,27.987000000000002,27.9725,-82.6995,-82.685
Q15K,27.987000000000002,27.9725,-82.685,-82.6705
Q15L,27.987000000000002,27.9725,-82.6705,-82.656
Q15M,27.987000000000002,27.9725,-82.65599999999999,-82.6415
Q15N,27.987000000000002,27.9725,-82.6415,-82.627
Q15O,27.987000000000002,27.9725,-82.627,-82.6125
Q15P,27.987000000000002,27.9725,-82.6125,-82.598
Q15Q,27.987000000000002,27.9725,-82.598,-82.5835
Q15R,27.987000000000002,27.9725,-82.5835,-82.569
Q15S,27.987000000000002,27.9725,-82.569,-82.5545
Q15T,27.987000000000002,27.9725,-82.5545,-82.54
Q15U,27.987000000000002,27.9725,-82.53999999999999,-82.5255
Q15V,27.987000000000002,27.9725,-82.5255,-82.511
Q15W,27.987000000000002,27.9725,-82.511,-82.4965
Q15X,27.987000000000002,27.9725,-82.4965,-82.482
Q15Y,27.987000000000002,27.9725,-82.482,-82.4675
Q15Z,27.987000000000002,27.9725,-82.4675,-82.453
Q15[,27.987000000000002,27.9725,-82.453,-82.4385
Q15\,27.987000000000002,27.9725,-82.4385,-82.424
Q15],27.987000000000002,27.9725,-82.42399999999999,-82.4095
Q15^,27.987000000000002,27.9725,-82.4095,-82.395
Q15_,27.987000000000002,27.9725,-82.395,-82.3805
Q15`,27.987000000000002,27.9725,-82.3805,-82.366
Q15a,27.987000000000002,27.9725,-82.366,-82.3515
Q15b,27.987000000000002,27.9725,-82.3515,-82.337
Q15c,27.987000000000002,27.9725,-82.337,-82.3225
Q15d,27.987000000000002,27.9725,-82.3225,-82.308
Q15e,27.987000000000002,27.9725,-82.30799999999999,-82.2935
Q15f,27.987000000000002,27.9725,-82.2935,-82.279
Q15g,27.987000000000002,27.9725,-82.279,-82.2645
Q15h,27.987000000000002,27.9725,-82.2645,-82.25
Q15i,27.987000000000002,27.9725,-82.25,-82.2355
Q15j,27.987000000000002,27.9725,-82.2355,-82.221
Q15k,27.987000000000002,27.9725,-82.221,-82.2065
Q16A,27.9725,27.958,-82.83,-82.8155
Q16B,27.9725,27.958,-82.8155,-82.801
Q16C,27.9725,27.958,-82.801,-82.7865
Q16D,27.9725,27.958,-82.7865,-82.772
Q16E,27.9725,27.958,-82.77199999999999,-82.7575
Q16F,27.9725,27.958,-82.7575,-82.743
Q16G,27.9725,27.958,-82.743,-82.7285
Q16H,27.9725,27.958,-82.7285,-82.714
Q16I,27.9725,27.958,-82.714,-82.6995
Q16J,27.9725,27.958,-82.6995,-82.685
Q16K,27.9725,27.958,-82.685,-82.6705
Q16L,27.9725,27.958,-82.6705,-82.656
Q16M,27.9725,27.958,-82.65599999999999,-82.6415
Q16N,27.9725,27.958,-82.6415,-82.627
Q16O,27.9725,27.958,-82.627,-82.6125
Q16P,27.9725,27.958,-82.6125,-82.598
Q16Q,27.9725,27.958,-82.598,-82.5835
Q16R,27.9725,27.958,-82.5835,-82.569
Q16S,27.9725,27.958,-82.569,-82.5545
Q16T,27.9725,27.958,-82.5545,-82.54
Q16U,27.9725,27.958,-82.53999999999999,-82.5255
Q16V,27.9725,27.958,-82.5255,-82.511
Q16W,27.9725,27.958,-82.511,-82.4965
Q16X,27.9725,27.958,-82.4965,-82.482
Q16Y,27.9725,27.958,-82.482,-82.4675
Q16Z,27.9725,27.958,-82.4675,-82.453
Q16[,27.9725,27.958,-82.453,-82.4385
Q16\,27.9725,27.958,-82.4385,-82.424
Q16],27.9725,27.958,-82.42399999999999,-82.4095
Q16^,27.9725,27.958,-82.4095,-82.395
Q16_,27.9725,27.958,-82.395,-82.3805
Q16`,27.9725,27.958,-82.3805,-82.366
Q16a,27.9725,27.958,-82.366,-82.3515
Q16b,27.9725,27.958,-82.3515,-82.337
Q16c,27.9725,27.958,-82.337,-82.3225
Q16d,27.9725,27.958,-82.3225,-82.308
Q16e,27.9725,27.958,-82.30799999999999,-82.2935
Q16f,27.9725,27.958,-82.2935,-82.279
Q16g,27.9725,27.958,-82.279,-82.2645
Q16h,27.9725,27.958,-82.2645,-82.25
Q16i,27.9725,27.958,-82.25,-82.2355
Q16j,27.9725,27.958,-82.2355,-82.221
Q16k,27.9725,27.958,-82.221,-82.2065
Q17A,27.958000000000002,27.9435,-82.83,-82.8155
Q17B,27.958000000000002,27.9435,-82.8155,-82.801
Q17C,27.958000000000002,27.9435,-82.801,-82.7865
Q17D,27.958000000000002,27.9435,-82.7865,-82.772
Q17E,27.958000000000002,27.9435,-82.77199999999999,-82.7575
Q17F,27.958000000000002,27.9435,-82.7575,-82.743
Q17G,27.958000000000002,27.9435,-82.743,-82.7285
Q17H,27.958000000000002,27.9435,-82.7285,-82.714
Q17I,27.958000000000002,27.9435,-82.714,-82.6995
Q17J,27.958000000000002,27.9435,-82.6995,-82.685
Q17K,27.958000000000002,27.9435,-82.685,-82.6705
Q17L,27.958000000000002,27.9435,-82.6705,-82.656
Q17M,27.958000000000002,27.9435,-82.65599999999999,-82.6415
Q17N,27.958000000000002,27.9435,-82.6415,-82.627
Q17O,27.958000000000002,27.9435,-82.627,-82.6125
Q17P,27.958000000000002,27.9435,-82.6125,-82.598
Q17Q,27.958000000000002,27.9435,-82.598,-82.5835
Q17R,27.958000000000002,27.9435,-82.5835,-82.569
Q17S,27.958000000000002,27.9435,-82.569,-82.5545
Q17T,27.958000000000002,27.9435,-82.5545,-82.54
Q17U,27.958000000000002,27.9435,-82.53999999999999,-82.5255
Q17V,27.958000000000002,27.9435,-82.5255,-82.511
Q17W,27.958000000000002,27.9435,-82.511,-82.4965
Q17X,27.958000000000002,27.9435,-82.4965,-82.482
Q17Y,27.958000000000002,27.9435,-82.482,-82.4675
Q17Z,27.958000000000002,27.9435,-82.4675,-82.453
Q17[,27.958000000000002,27.9435,-82.453,-82.4385
Q17\,27.958000000000002,27.9435,-82.4385,-82.424
Q17],27.958000000000002,27.9435,-82.42399999999999,-82.4095
Q17^,27.958000000000002,27.9435,-82.4095,-82.395
Q17_,27.958000000000002,27.9435,-82.395,-82.3805
Q17`,27.958000000000002,27.9435,-82.3805,-82.366
Q17a,27.958000000000002,27.9435,-82.366,-82.3515
Q17b,27.958000000000002,27.9435,-82.3515,-82.337
Q17c,27.958000000000002,27.9435,-82.337,-82.3225
Q17d,27.958000000000002,27.9435,-82.3225,-82.308
Q17e,27.958000000000002,27.9435,-82.30799999999999,-82.2935
Q17f,27.958000000000002,27.9435,-82.2935,-82.279
Q17g,27.958000000000002,27.9435,-82.279,-82.2645
Q17h,27.958000000000002,27.9435,-82.2645,-82.25
Q17i,27.958000000000002,27.9435,-82.25,-82.2355
Q17j,27.958000000000002,27.9435,-82.2355,-82.221
Q17k,27.958000000000002,27.9435,-82.221,-82.2065
Q18A,27.9435,27.929,-82.83,-82.8155
Q18B,27.9435,27.929,-82.8155,-82.801
Q18C,27.9435,27.929,-82.801,-82.7865
Q18D,27.9435,27.929,-82.7865,-82.772
Q18E,27.9435,27.929,-82.77199999999999,-82.7575
Q18F,27.9435,27.929,-82.7575,-82.743
Q18G,27.9435,27.929,-82.743,-82.7285
Q18H,27.9435,27.929,-82.7285,-82.714
Q18I,27.9435,27.929,-82.714,-82.6995
Q18J,27.9435,27.929,-82.6995,-82.685
Q18K,27.9435,27.929,-82.685,-82.6705
Q18L,27.9435,27.929,-82.6705,-82.656
Q18M,27.9435,27.929,-82.65599999999999,-82.6415
Q18N,27.9435,27.929,-82.6415,-82.627
Q18O,27.9435,27.929,-82.627,-82.6125
Q18P,27.9435,27.929,-82.6125,-82.598
Q18Q,27.9435,27.929,-82.598,-82.5835
Q18R,27.9435,27.929,-82.5835,-82.569
Q18S,27.9435,27.929,-82.569,-82.5545
Q18T,27.9435,27.929,-82.5545,-82.54
Q18U,27.9435,27.929,-82.53999999999999,-82.5255
Q18V,27.9435,27.929,-82.5255,-82.511
Q18W,27.9435,27.929,-82.511,-82.4965
Q18X,27.9435,27.929,-82.4965,-82.482
Q18Y,27.9435,27.929,-82.482,-82.4675
Q18Z,27.9435,27.929,-82.4675,-82.453
Q18[,27.9435,27.929,-82.453,-82.4385
Q18\,27.9435,27.929,-82.4385,-82.424
Q18],27.9435,27.929,-82.42399999999999,-82.4095
Q18^,27.9435,27.929,-82.4095,-82.395
Q18_,27.9435,27.929,-82.395,-82.3805
Q18`,27.9435,27.929,-82.3805,-82.366
Q18a,27.9435,27.929,-82.366,-82.3515
Q18b,27.9435,27.929,-82.3515,-82.337
Q18c,27.9435,27.929,-82.337,-82.3225
Q18d,27.9435,27.929,-82.3225,-82.308
Q18e,27.9435,27.929,-82.30799999999999,-82.2935
Q18f,27.9435,27.929,-82.2935,-82.279
Q18g,27.9435,27.929,-82.279,-82.2645
Q18h,27.9435,27.929,-82.2645,-82.25
Q18i,27.9435,27.929,-82.25,-82.2355
Q18j,27.9435,27.929,-82.2355,-82.221
Q18k,27.9435,27.929,-82.221,-82.2065
Q19A,27.929000000000002,27.9145,-82.83,-82.8155
Q19B,27.929000000000002,27.9145,-82.8155,-82.801
Q19C,27.929000000000002,27.9145,-82.801,-82.7865
Q19D,27.929000000000002,27.9145,-82.7865,-82.772
Q19E,27.929000000000002,27.9145,-82.77199999999999,-82.7575
Q19F,27.929000000000002,27.9145,-82.7575,-82.743
Q19G,27.929000000000002,27.9145,-82.743,-82.7285
Q19H,27.929000000000002,27.9145,-82.7285,-82.714
Q19I,27.929000000000002,27.9145,-82.714,-82.6995
Q19J,27.929000000000002,27.9145,-82.6995,-82.685
Q19K,27.929000000000002,27.9145,-82.685,-82.6705
Q19L,27.929000000000002,27.9145,-82.6705,-82.656
Q19M,27.929000000000002,27.9145,-82.65599999999999,-82.6415
Q19N,27.929000000000002,27.9145,-82.6415,-82.627
Q19O,27.929000000000002,27.9145,-82.627,-82.6125
Q19P,27.929000000000002,27.9145,-82.6125,-82.598
Q19Q,27.929000000000002,27.9145,-82.598,-82.5835
Q19R,27.929000000000002,27.9145,-82.5835,-82.569
Q19S,27.929000000000002,27.9145,-82.569,-82.5545
Q19T,27.929000000000002,27.9145,-82.5545,-82.54
Q19U,27.929000000000002,27.9145,-82.53999999999999,-82.5255
Q19V,27.929000000000002,27.9145,-82.5255,-82.511
Q19W,27.929000000000002,27.9145,-82.511,-82.4965
Q19X,27.929000000000002,27.9145,-82.4965,-82.482
Q19Y,27.929000000000002,27.9145,-82.482,-82.4675
Q19Z,27.929000000000002,27.9145,-82.4675,-82.453
Q19[,27.929000000000002,27.9145,-82.453,-82.4385
Q19\,27.929000000000002,27.9145,-82.4385,-82.424
Q19],27.929000000000002,27.9145,-82.42399999999999,-82.4095
Q19^,27.929000000000002,27.9145,-82.4095,-82.395
Q19_,27.929000000000002,27.9145,-82.395,-82.3805
Q19`,27.929000000000002,27.9145,-82.3805,-82.366
Q19a,27.929000000000002,27.9145,-82.366,-82.3515
Q19b,27.929000000000002,27.9145,-82.3515,-82.337
Q19c,27.929000000000002,27.9145,-82.337,-82.3225
Q19d,27.929000000000002,27.9145,-82.3225,-82.308
Q19e,27.929000000000002,27.9145,-82.30799999999999,-82.2935
Q19f,27.929000000000002,27.9145,-82.2935,-82.279
Q19g,27.929000000000002,27.9145,-82.279,-82.2645
Q19h,27.929000000000002,27.9145,-82.2645,-82.25
Q19i,27.929000000000002,27.9145,-82.25,-82.2355
Q19j,27.929000000000002,27.9145,-82.2355,-82.221
Q19k,27.929000000000002,27.9145,-82.221,-82.2065
Q20A,27.9145,27.9,-82.83,-82.8155
Q20B,27.9145,27.9,-82.8155,-82.801
Q20C,27.9145,27.9,-82.801,-82.7865
Q20D,27.9145,27.9,-82.7865,-82.772
Q20E,27.9145,27.9,-82.77199999999999,-82.7575
Q20F,27.9145,27.9,-82.7575,-82.743
Q20G,27.9145,27.9,-82.743,-82.7285
Q20H,27.9145,27.9,-82.7285,-82.714
Q20I,27.9145,27.9,-82.714,-82.6995
Q20J,27.9145,27.9,-82.6995,-82.685
Q20K,27.9145,27.9,-82.685,-82.6705
Q20L,27.9145,27.9,-82.6705,-82.656
Q20M,27.9145,27.9,-82.65599999999999,-82.6415
Q20N,27.9145,27.9,-82.6415,-82.627
Q20O,27.9145,27.9,-82.627,-82.6125
Q20P,27.9145,27.9,-82.6125,-82.598
Q20Q,27.9145,27.9,-82.598,-82.5835
Q20R,27.9145,27.9,-82.5835,-82.569
Q20S,27.9145,27.9,-82.569,-82.5545
Q20T,27.9145,27.9,-82.5545,-82.54
Q20U,27.9145,27.9,-82.53999999999999,-82.5255
Q20V,27.9145,27.9,-82.5255,-82.511
Q20W,27.9145,27.9,-82.511,-82.4965
Q20X,27.9145,27.9,-82.4965,-82.482
Q20Y,27.9145,27.9,-82.482,-82.4675
Q20Z,27.9145,27.9,-82.4675,-82.453
Q20[,27.9145,27.9,-82.453,-82.4385
Q20\,27.9145,27.9,-82.4385,-82.424
Q20],27.9145,27.9,-82.42399999999999,-82.4095
Q20^,27.9145,27.9,-82.4095,-82.395
Q20_,27.9145,27.9,-82.395,-82.3805
Q20`,27.9145,27.9,-82.3805,-82.366
Q20a,27.9145,27.9,-82.366,-82.3515
Q20b,27.9145,27.9,-82.3515,-82.337
Q20c,27.9145,27.9,-82.337,-82.3225
Q20d,27.9145,27.9,-82.3225,-82.308
Q20e,27.9145,27.9,-82.30799999999999,-82.2935
Q20f,27.9145,27.9,-82.2935,-82.279
Q20g,27.9145,27.9,-82.279,-82.2645
Q20h,27.9145,27.9,-82.2645,-82.25
Q20i,27.9145,27.9,-82.25,-82.2355
Q20j,27.9145,27.9,-82.2355,-82.221
Q20k,27.9145,27.9,-82.221,-82.2065
Q21A,27.900000000000002,27.8855,-82.83,-82.8155
Q21B,27.900000000000002,27.8855,-82.8155,-82.801
Q21C,27.900000000000002,27.8855,-82.801,-82.7865
Q21D,27.900000000000002,27.8855,-82.7865,-82.772
Q21E,27.900000000000002,27.8855,-82.77199999999999,-82.7575
Q21F,27.900000000000002,27.8855,-82.7575,-82.743
Q21G,27.900000000000002,27.8855,-82.743,-82.7285
Q21H,27.900000000000002,27.8855,-82.7285,-82.714
Q21I,27.900000000000002,27.8855,-82.714,-82.6995
Q21J,27.900000000000002,27.8855,-82.6995,-82.685
Q21K,27.900000000000002,27.8855,-82.685,-82.6705
Q21L,27.900000000000002,27.8855,-82.6705,-82.656
Q21M,27.900000000000002,27.8855,-82.65599999999999,-82.6415
Q21N,27.900000000000002,27.8855,-82.6415,-82.627
Q21O,27.900000000000002,27.8855,-82.627,-82.6125
Q21P,27.900000000000002,27.8855,-82.6125,-82.598
Q21Q,27.900000000000002,27.8855,-82.598,-82.5835
Q21R,27.900000000000002,27.8855,-82.5835,-82.569
Q21S,27.900000000000002,27.8855,-82.569,-82.5545
Q21T,27.900000000000002,27.8855,-82.5545,-82.54
Q21U,27.900000000000002,27.8855,-82.53999999999999,-82.5255
Q21V,27.900000000000002,27.8855,-82.5255,-82.511
Q21W,27.900000000000002,27.8855,-82.511,-82.4965
Q21X,27.900000000000002,27.8855,-82.4965,-82.482
Q21Y,27.900000000000002,27.8855,-82.482,-82.4675
Q21Z,27.900000000000002,27.8855,-82.4675,-82.453
Q21[,27.900000000000002,27.8855,-82.453,-82.4385
Q21\,27.900000000000002,27.8855,-82.4385,-82.424
Q21],27.900000000000002,27.8855,-82.42399999999999,-82.4095
Q21^,27.900000000000002,27.8855,-82.4095,-82.395
Q21_,27.900000000000002,27.8855,-82.395,-82.3805
Q21`,27.900000000000002,27.8855,-82.3805,-82.366
Q21a,27.900000000000002,27.8855,-82.366,-82.3515
Q21b,27.900000000000002,27.8855,-82.3515,-82.337
Q21c,27.900000000000002,27.8855,-82.337,-82.3225
Q21d,27.900000000000002,27.8855,-82.3225,-82.308
Q21e,27.900000000000002,27.8855,-82.30799999999999,-82.2935
Q21f,27.900000000000002,27.8855,-82.2935,-82.279
Q21g,27.900000000000002,27.8855,-82.279,-82.2645
Q21h,27.900000000000002,27.8855,-82.2645,-82.25
Q21i,27.900000000000002,27.8855,-82.25,-82.2355
Q21j,27.900000000000002,27.8855,-82.2355,-82.221
Q21k,27.900000000000002,27.8855,-82.221,-82.2065
Q22A,27.8855,27.871,-82.83,-82.8155
Q22B,27.8855,27.871,-82.8155,-82.801
Q22C,27.8855,27.871,-82.801,-82.7865
Q22D,27.8855,27.871,-82.7865,-82.772
Q22E,27.8855,27.871,-82.77199999999999,-82.7575
Q22F,27.8855,27.871,-82.7575,-82.743
Q22G,27.8855,27.871,-82.743,-82.7285
Q22H,27.8855,27.871,-82.7285,-82.714
Q22I,27.8855,27.871,-82.714,-82.6995
Q22J,27.8855,27.871,-82.6995,-82.685
Q22K,27.8855,27.871,-82.685,-82.6705
Q22L,27.8855,27.871,-82.6705,-82.656
Q22M,27.8855,27.871,-82.65599999999999,-82.6415
Q22N,27.8855,27.871,-82.6415,-82.627
Q22O,27.8855,27.871,-82.627,-82.6125
Q22P,27.8855,27.871,-82.6125,-82.598
Q22Q,27.8855,27.871,-82.598,-82.5835
Q22R,27.8855,27.871,-82.5835,-82.569
Q22S,27.8855,27.871,-82.569,-82.5545
Q22T,27.8855,27.871,-82.5545,-82.54
Q22U,27.8855,27.871,-82.53999999999999,-82.5255
Q22V,27.8855,27.871,-82.5255,-82.511
Q22W,27.8855,27.871,-82.511,-82.4965
Q22X,27.8855,27.871,-82.4965,-82.482
Q22Y,27.8855,27.871,-82.482,-82.4675
Q22Z,27.8855,27.871,-82.4675,-82.453
Q22[,27.8855,27.871,-82.453,-82.4385
Q22\,27.8855,27.871,-82.4385,-82.424
Q22],27.8855,27.871,-82.42399999999999,-82.4095
Q22^,27.8855,27.871,-82.4095,-82.395
Q22_,27.8855,27.871,-82.395,-82.3805
Q22`,27.8855,27.871,-82.3805,-82.366
Q22a,27.8855,27.871,-82.366,-82.3515
Q22b,27.8855,27.871,-82.3515,-82.337
Q22c,27.8855,27.871,-82.337,-82.3225
Q22d,27.8855,27.871,-82.3225,-82.308
Q22e,27.8855,27.871,-82.30799999999999,-82.2935
Q22f,27.8855,27.871,-82.2935,-82.279
Q22g,27.8855,27.871,-82.279,-82.2645
Q22h,27.8855,27.871,-82.2645,-82.25
Q22i,27.8855,27.871,-82.25,-82.2355
Q22j,27.8855,27.871,-82.2355,-82.221
Q22k,27.8855,27.871,-82.221,-82.2065
Q23A,27.871000000000002,27.8565,-82.83,-82.8155
Q23B,27.871000000000002,27.8565,-82.8155,-82.801
Q23C,27.871000000000002,27.8565,-82.801,-82.7865
Q23D,27.871000000000002,27.8565,-82.7865,-82.772
Q23E,27.871000000000002,27.8565,-82.77199999999999,-82.7575
Q23F,27.871000000000002,27.8565,-82.7575,-82.743
Q23G,27.871000000000002,27.8565,-82.743,-82.7285
Q23H,27.871000000000002,27.8565,-82.7285,-82.714
Q23I,27.871000000000002,27.8565,-82.714,-82.6995
Q23J,27.871000000000002,27.8565,-82.6995,-82.685
Q23K,27.871000000000002,27.8565,-82.685,-82.6705
Q23L,27.871000000000002,27.8565,-82.6705,-82.656
Q23M,27.871000000000002,27.8565,-82.65599999999999,-82.6415
Q23N,27.871000000000002,27.8565,-82.6415,-82.627
Q23O,27.871000000000002,27.8565,-82.627,-82.6125
Q23P,27.871000000000002,27.8565,-82.6125,-82.598
Q23Q,27.871000000000002,27.8565,-82.598,-82.5835
Q23R,27.871000000000002,27.8565,-82.5835,-82.569
Q23S,27.871000000000002,27.8565,-82.569,-82.5545
Q23T,27.871000000000002,27.8565,-82.5545,-82.54
Q23U,27.871000000000002,27.8565,-82.53999999999999,-82.5255
Q23V,27.871000000000002,27.8565,-82.5255,-82.511
Q23W,27.871000000000002,27.8565,-82.511,-82.4965
Q23X,27.871000000000002,27.8565,-82.4965,-82.482
Q23Y,27.871000000000002,27.8565,-82.482,-82.4675
Q23Z,27.871000000000002,27.8565,-82.4675,-82.453
Q23[,27.871000000000002,27.8565,-82.453,-82.4385
Q23\,27.871000000000002,27.8565,-82.4385,-82.424
Q23],27.871000000000002,27.8565,-82.42399999999999,-82.4095
Q23^,27.871000000000002,27.8565,-82.4095,-82.395
Q23_,27.871000000000002,27.8565,-82.395,-82.3805
Q23`,27.871000000000002,27.8565,-82.3805,-82.366
Q23a,27.871000000000002,27.8565,-82.366,-82.3515
Q23b,27.871000000000002,27.8565,-82.3515,-82.337
Q23c,27.871000000000002,27.8565,-82.337,-82.3225
Q23d,27.871000000000002,27.8565,-82.3225,-82.308
Q23e,27.871000000000002,27.8565,-82.30799999999999,-82.2935
Q23f,27.871000000000002,27.8565,-82.2935,-82.279
Q23g,27.871000000000002,27.8565,-82.279,-82.2645
Q23h,27.871000000000002,27.8565,-82.2645,-82.25
Q23i,27.871000000000002,27.8565,-82.25,-82.2355
Q23j,27.871000000000002,27.8565,-82.2355,-82.221
Q23k,27.871000000000002,27.8565,-82.221,-82.2065
Q24A,27.8565,27.842,-82.83,-82.8155
Q24B,27.8565,27.842,-82.8155,-82.801
Q24C,27.8565,27.842,-82.801,-82.7865
Q24D,27.8565,27.842,-82.7865,-82.772
Q24E,27.8565,27.842,-82.77199999999999,-82.7575
Q24F,27.8565,27.842,-82.7575,-82.743
Q24G,27.8565,27.842,-82.743,-82.7285
Q24H,27.8565,27.842,-82.7285,-82.714
Q24I,27.8565,27.842,-82.714,-82.6995
Q24J,27.8565,27.842,-82.6995,-82.685
Q24K,27.8565,27.842,-82.685,-82.6705
Q24L,27.8565,27.842,-82.6705,-82.656
Q24M,27.8565,27.842,-82.65599999999999,-82.6415
Q24N,27.8565,27.842,-82.6415,-82.627
Q24O,27.8565,27.842,-82.627,-82.6125
Q24P,27.8565,27.842,-82.6125,-82.598
Q24Q,27.8565,27.842,-82.598,-82.5835
Q24R,27.8565,27.842,-82.5835,-82.569
Q24S,27.8565,27.842,-82.569,-82.5545
Q24T,27.8565,27.842,-82.5545,-82.54
Q24U,27.8565,27.842,-82.53999999999999,-82.5255
Q24V,27.8565,27.842,-82.5255,-82.511
Q24W,27.8565,27.842,-82.511,-82.4965
Q24X,27.8565,27.842,-82.4965,-82.482
Q24Y,27.8565,27.842,-82.482,-82.4675
Q24Z,27.8565,27.842,-82.4675,-82.453
Q24[,27.8565,27.842,-82.453,-82.4385
Q24\,27.8565,27.842,-82.4385,-82.424
Q24],27.8565,27.842,-82.42399999999999,-82.4095
Q24^,27.8565,27.842,-82.4095,-82.395
Q24_,27.8565,27.842,-82.395,-82.3805
Q24`,27.8565,27.842,-82.3805,-82.366
Q24a,27.8565,27.842,-82.366,-82.3515
Q24b,27.8565,27.842,-82.3515,-82.337
Q24c,27.8565,27.842,-82.337,-82.3225
Q24d,27.8565,27.842,-82.3225,-82.308
Q24e,27.8565,27.842,-82.30799999999999,-82.2935
Q24f,27.8565,27.842,-82.2935,-82.279
Q24g,27.8565,27.842,-82.279,-82.2645
Q24h,27.8565,27.842,-82.2645,-82.25
Q24i,27.8565,27.842,-82.25,-82.2355
Q24j,27.8565,27.842,-82.2355,-82.221
Q24k,27.8565,27.842,-82.221,-82.2065
Q25A,27.842000000000002,27.8275,-82.83,-82.8155
Q25B,27.842000000000002,27.8275,-82.8155,-82.801
Q25C,27.842000000000002,27.8275,-82.801,-82.7865
Q25D,27.842000000000002,27.8275,-82.7865,-82.772
Q25E,27.842000000000002,27.8275,-82.77199999999999,-82.7575
Q25F,27.842000000000002,27.8275,-82.7575,-82.743
Q25G,27.842000000000002,27.8275,-82.743,-82.7285
Q25H,27.842000000000002,27.8275,-82.7285,-82.714
Q25I,27.842000000000002,27.8275,-82.714,-82.6995
Q25J,27.842000000000002,27.8275,-82.6995,-82.685
Q25K,27.842000000000002,27.8275,-82.685,-82.6705
Q25L,27.842000000000002,27.8275,-82.6705,-82.656
Q25M,27.842000000000002,27.8275,-82.65599999999999,-82.6415
Q25N,27.842000000000002,27.8275,-82.6415,-82.627
Q25O,27.842000000000002,27.8275,-82.627,-82.6125
Q25P,27.842000000000002,27.8275,-82.6125,-82.598
Q25Q,27.842000000000002,27.8275,-82.598,-82.5835
Q25R,27.842000000000002,27.8275,-82.5835,-82.569
Q25S,27.842000000000002,27.8275,-82.569,-82.5545
Q25T,27.842000000000002,27.8275,-82.5545,-82.54
Q25U,27.842000000000002,27.8275,-82.53999999999999,-82.5255
Q25V,27.842000000000002,27.8275,-82.5255,-82.511
Q25W,27.842000000000002,27.8275,-82.511,-82.4965
Q25X,27.842000000000002,27.8275,-82.4965,-82.482
Q25Y,27.842000000000002,27.8275,-82.482,-82.4675
Q25Z,27.842000000000002,27.8275,-82.4675,-82.453
Q25[,27.842000000000002,27.8275,-82.453,-82.4385
Q25\,27.842000000000002,27.8275,-82.4385,-82.424
Q25],27.842000000000002,27.8275,-82.42399999999999,-82.4095
Q25^,27.842000000000002,27.8275,-82.4095,-82.395
Q25_,27.842000000000002,27.8275,-82.395,-82.3805
Q25`,27.842000000000002,27.8275,-82.3805,-82.366
Q25a,27.842000000000002,27.8275,-82.366,-82.3515
Q25b,27.842000000000002,27.8275,-82.3515,-82.337
Q25c,27.842000000000002,27.8275,-82.337,-82.3225
Q25d,27.842000000000002,27.8275,-82.3225,-82.308
Q25e,27.842000000000002,27.8275,-82.30799999999999,-82.2935
Q25f,27.842000000000002,27.8275,-82.2935,-82.279
Q25g,27.842000000000002,27.8275,-82.279,-82.2645
Q25h,27.842000000000002,27.8275,-82.2645,-82.25
Q25i,27.842000000000002,27.8275,-82.25,-82.2355
Q25j,27.842000000000002,27.8275,-82.2355,-82.221
Q25k,27.842000000000002,27.8275,-82.221,-82.2065
Q26A,27.8275,27.813,-82.83,-82.8155
Q26B,27.8275,27.813,-82.8155,-82.801
Q26C,27.8275,27.813,-82.801,-82.7865
Q26D,27.8275,27.813,-82.7865,-82.772
Q26E,27.8275,27.813,-82.77199999999999,-82.7575
Q26F,27.8275,27.813,-82.7575,-82.743
Q26G,27.8275,27.813,-82.743,-82.7285
Q26H,27.8275,27.813,-82.7285,-82.714
Q26I,27.8275,27.813,-82.714,-82.6995
Q26J,27.8275,27.813,-82.6995,-82.685
Q26K,27.8275,27.813,-82.685,-82.6705
Q26L,27.8275,27.813,-82.6705,-82.656
Q26M,27.8275,27.813,-82.65599999999999,-82.6415
Q26N,27.8275,27.813,-82.6415,-82.627
Q26O,27.8275,27.813,-82.627,-82.6125
Q26P,27.8275,27.813,-82.6125,-82.598
Q26Q,27.8275,27.813,-82.598,-82.5835
Q26R,27.8275,27.813,-82.5835,-82.569
Q26S,27.8275,27.813,-82.569,-82.5545
Q26T,27.8275,27.813,-82.5545,-82.54
Q26U,27.8275,27.813,-82.53999999999999,-82.5255
Q26V,27.8275,27.813,-82.5255,-82.511
Q26W,27.8275,27.813,-82.511,-82.4965
Q26X,27.8275,27.813,-82.4965,-82.482
Q26Y,27.8275,27.813,-82.482,-82.4675
Q26Z,27.8275,27.813,-82.4675,-82.453
Q26[,27.8275,27.813,-82.453,-82.4385
Q26\,27.8275,27.813,-82.4385,-82.424
Q26],27.8275,27.813,-82.42399999999999,-82.4095
Q26^,27.8275,27.813,-82.4095,-82.395
Q26_,27.8275,27.813,-82.395,-82.3805
Q26`,27.8275,27.813,-82.3805,-82.366
Q26a,27.8275,27.813,-82.366,-82.3515
Q26b,27.8275,27.813,-82.3515,-82.337
Q26c,27.8275,27.813,-82.337,-82.3225
Q26d,27.8275,27.813,-82.3225,-82.308
Q26e,27.8275,27.813,-82.30799999999999,-82.2935
Q26f,27.8275,27.813,-82.2935,-82.279
Q26g,27.8275,27.813,-82.279,-82.2645
Q26h,27.8275,27.813,-82.2645,-82.25
Q26i,27.8275,27.813,-82.25,-82.2355
Q26j,27.8275,27.813,-82.2355,-82.221
Q26k,27.8275,27.813,-82.221,-82.2065
Q27A,27.813000000000002,27.7985,-82.83,-82.8155
Q27B,27.813000000000002,27.7985,-82.8155,-82.801
Q27C,27.813000000000002,27.7985,-82.801,-82.7865
Q27D,27.813000000000002,27.7985,-82.7865,-82.772
Q27E,27.813000000000002,27.7985,-82.77199999999999,-82.7575
Q27F,27.813000000000002,27.7985,-82.7575,-82.743
Q27G,27.813000000000002,27.7985,-82.743,-82.7285
Q27H,27.813000000000002,27.7985,-82.7285,-82.714
Q27I,27.813000000000002,27.7985,-82.714,-82.6995
Q27J,27.813000000000002,27.7985,-82.6995,-82.685
Q27K,27.813000000000002,27.7985,-82.685,-82.6705
Q27L,27.813000000000002,27.7985,-82.6705,-82.656
Q27M,27.813000000000002,27.7985,-82.65599999999999,-82.6415
Q27N,27.813000000000002,27.7985,-82.6415,-82.627
Q27O,27.813000000000002,27.7985,-82.627,-82.6125
Q27P,27.813000000000002,27.7985,-82.6125,-82.598
Q27Q,27.813000000000002,27.7985,-82.598,-82.5835
Q27R,27.813000000000002,27.7985,-82.5835,-82.569
Q27S,27.813000000000002,27.7985,-82.569,-82.5545
Q27T,27.813000000000002,27.7985,-82.5545,-82.54
Q27U,27.813000000000002,27.7985,-82.53999999999999,-82.5255
Q27V,27.813000000000002,27.7985,-82.5255,-82.511
Q27W,27.813000000000002,27.7985,-82.511,-82.4965
Q27X,27.813000000000002,27.7985,-82.4965,-82.482
Q27Y,27.813000000000002,27.7985,-82.482,-82.4675
Q27Z,27.813000000000002,27.7985,-82.4675,-82.453
Q27[,27.813000000000002,27.7985,-82.453,-82.4385
Q27\,27.813000000000002,27.7985,-82.4385,-82.424
Q27],27.813000000000002,27.7985,-82.42399999999999,-82.4095
Q27^,27.813000000000002,27.7985,-82.4095,-82.395
Q27_,27.813000000000002,27.7985,-82.395,-82.3805
Q27`,27.813000000000002,27.7985,-82.3805,-82.366
Q27a,27.813000000000002,27.7985,-82.366,-82.3515
Q27b,27.813000000000002,27.7985,-82.3515,-82.337
Q27c,27.813000000000002,27.7985,-82.337,-82.3225
Q27d,27.813000000000002,27.7985,-82.3225,-82.308
Q27e,27.813000000000002,27.7985,-82.30799999999999,-82.2935
Q27f,27.813000000000002,27.7985,-82.2935,-82.279
Q27g,27.813000000000002,27.7985,-82.279,-82.2645
Q27h,27.813000000000002,27.7985,-82.2645,-82.25
Q27i,27.813000000000002,27.7985,-82.25,-82.2355
Q27j,27.813000000000002,27.7985,-82.2355,-82.221
Q27k,27.813000000000002,27.7985,-82.221,-82.2065
Q28A,27.7985,27.784,-82.83,-82.8155
Q28B,27.7985,27.784,-82.8155,-82.801
Q28C,27.7985,27.784,-82.801,-82.7865
Q28D,27.7985,27.784,-82.7865,-82.772
Q28E,27.7985,27.784,-82.77199999999999,-82.7575
Q28F,27.7985,27.784,-82.7575,-82.743
Q28G,27.7985,27.784,-82.743,-82.7285
Q28H,27.7985,27.784,-82.7285,-82.714
Q28I,27.7985,27.784,-82.714,-82.6995
Q28J,27.7985,27.784,-82.6995,-82.685
Q28K,27.7985,27.784,-82.685,-82.6705
Q28L,27.7985,27.784,-82.6705,-82.656
Q28M,27.7985,27.784,-82.65599999999999,-82.6415
Q28N,27.7985,27.784,-82.6415,-82.627
Q28O,27.7985,27.784,-82.627,-82.6125
Q28P,27.7985,27.784,-82.6125,-82.598
Q28Q,27.7985,27.784,-82.598,-82.5835
Q28R,27.7985,27.784,-82.5835,-82.569
Q28S,27.7985,27.784,-82.569,-82.5545
Q28T,27.7985,27.784,-82.5545,-82.54
Q28U,27.7985,27.784,-82.53999999999999,-82.5255
Q28V,27.7985,27.784,-82.5255,-82.511
Q28W,27.7985,27.784,-82.511,-82.4965
Q28X,27.7985,27.784,-82.4965,-82.482
Q28Y,27.7985,27.784,-82.482,-82.4675
Q28Z,27.7985,27.784,-82.4675,-82.453
Q28[,27.7985,27.784,-82.453,-82.4385
Q28\,27.7985,27.784,-82.4385,-82.424
Q28],27.7985,27.784,-82.42399999999999,-82.4095
Q28^,27.7985,27.784,-82.4095,-82.395
Q28_,27.7985,27.784,-82.395,-82.3805
Q28`,27.7985,27.784,-82.3805,-82.366
Q28a,27.7985,27.784,-82.366,-82.3515
Q28b,27.7985,27.784,-82.3515,-82.337
Q28c,27.7985,27.784,-82.337,-82.3225
Q28d,27.7985,27.784,-82.3225,-82.308
Q28e,27.7985,27.784,-82.30799999999999,-82.2935
Q28f,27.7985,27.784,-82.2935,-82.279
Q28g,27.7985,27.784,-82.279,-82.2645
Q28h,27.7985,27.784,-82.2645,-82.25
Q28i,27.7985,27.784,-82.25,-82.2355
Q28j,27.7985,27.784,-82.2355,-82.221
Q28k,27.7985,27.784,-82.221,-82.2065
Q29A,27.784000000000002,27.7695,-82.83,-82.8155
Q29B,27.784000000000002,27.7695,-82.8155,-82.801
Q29C,27.784000000000002,27.7695,-82.801,-82.7865
Q29D,27.784000000000002,27.7695,-82.7865,-82.772
Q29E,27.784000000000002,27.7695,-82.77199999999999,-82.7575
Q29F,27.784000000000002,27.7695,-82.7575,-82.743
Q29G,27.784000000000002,27.7695,-82.743,-82.7285
Q29H,27.784000000000002,27.7695,-82.7285,-82.714
Q29I,27.784000000000002,27.7695,-82.714,-82.6995
Q29J,27.784000000000002,27.7695,-82.6995,-82.685
Q29K,27.784000000000002,27.7695,-82.685,-82.6705
Q29L,27.784000000000002,27.7695,-82.6705,-82.656
Q29M,27.784000000000002,27.7695,-82.65599999999999,-82.6415
Q29N,27.784000000000002,27.7695,-82.6415,-82.627
Q29O,27.784000000000002,27.7695,-82.627,-82.6125
Q29P,27.784000000000002,27.7695,-82.6125,-82.598
Q29Q,27.784000000000002,27.7695,-82.598,-82.5835
Q29R,27.784000000000002,27.7695,-82.5835,-82.569
Q29S,27.784000000000002,27.7695,-82.569,-82.5545
Q29T,27.784000000000002,27.7695,-82.5545,-82.54
Q29U,27.784000000000002,27.7695,-82.53999999999999,-82.5255
Q29V,27.784000000000002,27.7695,-82.5255,-82.511
Q29W,27.784000000000002,27.7695,-82.511,-82.4965
Q29X,27.784000000000002,27.7695,-82.4965,-82.482
Q29Y,27.784000000000002,27.7695,-82.482,-82.4675
Q29Z,27.784000000000002,27.7695,-82.4675,-82.453
Q29[,27.784000000000002,27.7695,-82.453,-82.4385
Q29\,27.784000000000002,27.7695,-82.4385,-82.424
Q29],27.784000000000002,27.7695,-82.42399999999999,-82.4095
Q29^,27.784000000000002,27.7695,-82.4095,-82.395
Q29_,27.784000000000002,27.7695,-82.395,-82.3805
Q29`,27.784000000000002,27.7695,-82.3805,-82.366
Q29a,27.784000000000002,27.7695,-82.366,-82.3515
Q29b,27.784000000000002,27.7695,-82.3515,-82.337
Q29c,27.784000000000002,27.7695,-82.337,-82.3225
Q29d,27.784000000000002,27.7695,-82.3225,-82.308
Q29e,27.784000000000002,27.7695,-82.30799999999999,-82.2935
Q29f,27.784000000000002,27.7695,-82.2935,-82.279
Q29g,27.784000000000002,27.7695,-82.279,-82.2645
Q29h,27.784000000000002,27.7695,-82.2645,-82.25
Q29i,27.784000000000002,27.7695,-82.25,-82.2355
Q29j,27.784000000000002,27.7695,-82.2355,-82.221
Q29k,27.784000000000002,27.7695,-82.221,-82.2065
Q30A,27.7695,27.755,-82.83,-82.8155
Q30B,27.7695,27.755,-82.8155,-82.801
Q30C,27.7695,27.755,-82.801,-82.7865
Q30D,27.7695,27.755,-82.7865,-82.772
Q30E,27.7695,27.755,-82.77199999999999,-82.7575
Q30F,27.7695,27.755,-82.7575,-82.743
Q30G,27.7695,27.755,-82.743,-82.7285
Q30H,27.7695,27.755,-82.7285,-82.714
Q30I,27.7695,27.755,-82.714,-82.6995
Q30J,27.7695,27.755,-82.6995,-82.685
Q30K,27.7695,27.755,-82.685,-82.6705
Q30L,27.7695,27.755,-82.6705,-82.656
Q30M,27.7695,27.755,-82.65599999999999,-82.6415
Q30N,27.7695,27.755,-82.6415,-82.627
Q30O,27.7695,27.755,-82.627,-82.6125
Q30P,27.7695,27.755,-82.6125,-82.598
Q30Q,27.7695,27.755,-82.598,-82.5835
Q30R,27.7695,27.755,-82.5835,-82.569
Q30S,27.7695,27.755,-82.569,-82.5545
Q30T,27.7695,27.755,-82.5545,-82.54
Q30U,27.7695,27.755,-82.53999999999999,-82.5255
Q30V,27.7695,27.755,-82.5255,-82.511
Q30W,27.7695,27.755,-82.511,-82.4965
Q30X,27.7695,27.755,-82.4965,-82.482
Q30Y,27.7695,27.755,-82.482,-82.4675
Q30Z,27.7695,27.755,-82.4675,-82.453
Q30[,27.7695,27.755,-82.453,-82.4385
Q30\,27.7695,27.755,-82.4385,-82.424
Q30],27.7695,27.755,-82.42399999999999,-82.4095
Q30^,27.7695,27.755,-82.4095,-82.395
Q30_,27.7695,27.755,-82.395,-82.3805
Q30`,27.7695,27.755,-82.3805,-82.366
Q30a,27.7695,27.755,-82.366,-82.3515
Q30b,27.7695,27.755,-82.3515,-82.337
Q30c,27.7695,27.755,-82.337,-82.3225
Q30d,27.7695,27.755,-82.3225,-82.308
Q30e,27.7695,27.755,-82.30799999999999,-82.2935
Q30f,27.7695,27.755,-82.2935,-82.279
Q30g,27.7695,27.755,-82.279,-82.2645
Q30h,27.7695,27.755,-82.2645,-82.25
Q30i,27.7695,27.755,-82.25,-82.2355
Q30j,27.7695,27.755,-82.2355,-82.221
Q30k,27.7695,27.755,-82.221,-82.2065
Q31A,27.755000000000003,27.7405,-82.83,-82.8155
Q31B,27.755000000000003,27.7405,-82.8155,-82.801
Q31C,27.755000000000003,27.7405,-82.801,-82.7865
Q31D,27.755000000000003,27.7405,-82.7865,-82.772
Q31E,27.755000000000003,27.7405,-82.77199999999999,-82.7575
Q31F,27.755000000000003,27.7405,-82.7575,-82.743
Q31G,27.755000000000003,27.7405,-82.743,-82.7285
Q31H,27.755000000000003,27.7405,-82.7285,-82.714
Q31I,27.755000000000003,27.7405,-82.714,-82.6995
Q31J,27.755000000000003,27.7405,-82.6995,-82.685
Q31K,27.755000000000003,27.7405,-82.685,-82.6705
Q31L,27.755000000000003,27.7405,-82.6705,-82.656
Q31M,27.755000000000003,27.7405,-82.65599999999999,-82.6415
Q31N,27.755000000000003,27.7405,-82.6415,-82.627
Q31O,27.755000000000003,27.7405,-82.627,-82.6125
Q31P,27.755000000000003,27.7405,-82.6125,-82.598
Q31Q,27.755000000000003,27.7405,-82.598,-82.5835
Q31R,27.755000000000003,27.7405,-82.5835,-82.569
Q31S,27.755000000000003,27.7405,-82.569,-82.5545
Q31T,27.755000000000003,27.7405,-82.5545,-82.54
Q31U,27.755000000000003,27.7405,-82.53999999999999,-82.5255
Q31V,27.755000000000003,27.7405,-82.5255,-82.511
Q31W,27.755000000000003,27.7405,-82.511,-82.4965
Q31X,27.755000000000003,27.7405,-82.4965,-82.482
Q31Y,27.755000000000003,27.7405,-82.482,-82.4675
Q31Z,27.755000000000003,27.7405,-82.4675,-82.453
Q31[,27.755000000000003,27.7405,-82.453,-82.4385
Q31\,27.755000000000003,27.7405,-82.4385,-82.424
Q31],27.755000000000003,27.7405,-82.42399999999999,-82.4095
Q31^,27.755000000000003,27.7405,-82.4095,-82.395
Q31_,27.755000000000003,27.7405,-82.395,-82.3805
Q31`,27.755000000000003,27.7405,-82.3805,-82.366
Q31a,27.755000000000003,27.7405,-82.366,-82.3515
Q31b,27.755000000000003,27.7405,-82.3515,-82.337
Q31c,27.755000000000003,27.7405,-82.337,-82.3225
Q31d,27.755000000000003,27.7405,-82.3225,-82.308
Q31e,27.755000000000003,27.7405,-82.30799999999999,-82.2935
Q31f,27.755000000000003,27.7405,-82.2935,-82.279
Q31g,27.755000000000003,27.7405,-82.279,-82.2645
Q31h,27.755000000000003,27.7405,-82.2645,-82.25
Q31i,27.755000000000003,27.7405,-82.25,-82.2355
Q31j,27.755000000000003,27.7405,-82.2355,-82.221
Q31k,27.755000000000003,27.7405,-82.221,-82.2065
Q32A,27.7405,27.726,-82.83,-82.8155
Q32B,27.7405,27.726,-82.8155,-82.801
Q32C,27.7405,27.726,-82.801,-82.7865
Q32D,27.7405,27.726,-82.7865,-82.772
Q32E,27.7405,27.726,-82.77199999999999,-82.7575
Q32F,27.7405,27.726,-82.7575,-82.743
Q32G,27.7405,27.726,-82.743,-82.7285
Q32H,27.7405,27.726,-82.7285,-82.714
Q32I,27.7405,27.726,-82.714,-82.6995
Q32J,27.7405,27.726,-82.6995,-82.685
Q32K,27.7405,27.726,-82.685,-82.6705
Q32L,27.7405,27.726,-82.6705,-82.656
Q32M,27.7405,27.726,-82.65599999999999,-82.6415
Q32N,27.7405,27.726,-82.6415,-82.627
Q32O,27.7405,27.726,-82.627,-82.6125
Q32P,27.7405,27.726,-82.6125,-82.598
Q32Q,27.7405,27.726,-82.598,-82.5835
Q32R,27.7405,27.726,-82.5835,-82.569
Q32S,27.7405,27.726,-82.569,-82.5545
Q32T,27.7405,27.726,-82.5545,-82.54
Q32U,27.7405,27.726,-82.53999999999999,-82.5255
Q32V,27.7405,27.726,-82.5255,-82.511
Q32W,27.7405,27.726,-82.511,-82.4965
Q32X,27.7405,27.726,-82.4965,-82.482
Q32Y,27.7405,27.726,-82.482,-82.4675
Q32Z,27.7405,27.726,-82.4675,-82.453
Q32[,27.7405,27.726,-82.453,-82.4385
Q32\,27.7405,27.726,-82.4385,-82.424
Q32],27.7405,27.726,-82.42399999999999,-82.4095
Q32^,27.7405,27.726,-82.4095,-82.395
Q32_,27.7405,27.726,-82.395,-82.3805
Q32`,27.7405,27.726,-82.3805,-82.366
Q32a,27.7405,27.726,-82.366,-82.3515
Q32b,27.7405,27.726,-82.3515,-82.337
Q32c,27.7405,27.726,-82.337,-82.3225
Q32d,27.7405,27.726,-82.3225,-82.308
Q32e,27.7405,27.726,-82.30799999999999,-82.2935
Q32f,27.7405,27.726,-82.2935,-82.279
Q32g,27.7405,27.726,-82.279,-82.2645
Q32h,27.7405,27.726,-82.2645,-82.25
Q32i,27.7405,27.726,-82.25,-82.2355
Q32j,27.7405,27.726,-82.2355,-82.221
Q32k,27.7405,27.726,-82.221,-82.2065
Q33A,27.726000000000003,27.7115,-82.83,-82.8155
Q33B,27.726000000000003,27.7115,-82.8155,-82.801
Q33C,27.726000000000003,27.7115,-82.801,-82.7865
Q33D,27.726000000000003,27.7115,-82.7865,-82.772
Q33E,27.726000000000003,27.7115,-82.77199999999999,-82.7575
Q33F,27.726000000000003,27.7115,-82.7575,-82.743
Q33G,27.726000000000003,27.7115,-82.743,-82.7285
Q33H,27.726000000000003,27.7115,-82.7285,-82.714
Q33I,27.726000000000003,27.7115,-82.714,-82.6995
Q33J,27.726000000000003,27.7115,-82.6995,-82.685
Q33K,27.726000000000003,27.7115,-82.685,-82.6705
Q33L,27.726000000000003,27.7115,-82.6705,-82.656
Q33M,27.726000000000003,27.7115,-82.65599999999999,-82.6415
Q33N,27.726000000000003,27.7115,-82.6415,-82.627
Q33O,27.726000000000003,27.7115,-82.627,-82.6125
Q33P,27.726000000000003,27.7115,-82.6125,-82.598
Q33Q,27.726000000000003,27.7115,-82.598,-82.5835
Q33R,27.726000000000003,27.7115,-82.5835,-82.569
Q33S,27.726000000000003,27.7115,-82.569,-82.5545
Q33T,27.726000000000003,27.7115,-82.5545,-82.54
Q33U,27.726000000000003,27.7115,-82.53999999999999,-82.5255
Q33V,27.726000000000003,27.7115,-82.5255,-82.511
Q33W,27.726000000000003,27.7115,-82.511,-82.4965
Q33X,27.726000000000003,27.7115,-82.4965,-82.482
Q33Y,27.726000000000003,27.7115,-82.482,-82.4675
Q33Z,27.726000000000003,27.7115,-82.4675,-82.453
Q33[,27.726000000000003,27.7115,-82.453,-82.4385
Q33\,27.726000000000003,27.7115,-82.4385,-82.424
Q33],27.726000000000003,27.7115,-82.42399999999999,-82.4095
Q33^,27.726000000000003,27.7115,-82.4095,-82.395
Q33_,27.726000000000003,27.7115,-82.395,-82.3805
Q33`,27.726000000000003,27.7115,-82.3805,-82.366
Q33a,27.726000000000003,27.7115,-82.366,-82.3515
Q33b,27.726000000000003,27.7115,-82.3515,-82.337
Q33c,27.726000000000003,27.7115,-82.337,-82.3225
Q33d,27.726000000000003,27.7115,-82.3225,-82.308
Q33e,27.726000000000003,27.7115,-82.30799999999999,-82.2935
Q33f,27.726000000000003,27.7115,-82.2935,-82.279
Q33g,27.726000000000003,27.7115,-82.279,-82.2645
Q33h,27.726000000000003,27.7115,-82.2645,-82.25
Q33i,27.726000000000003,27.7115,-82.25,-82.2355
Q33j,27.726000000000003,27.7115,-82.2355,-82.221
Q33k,27.726000000000003,27.7115,-82.221,-82.2065
Q34A,27.7115,27.697,-82.83,-82.8155
Q34B,27.7115,27.697,-82.8155,-82.801
Q34C,27.7115,27.697,-82.801,-82.7865
Q34D,27.7115,27.697,-82.7865,-82.772
Q34E,27.7115,27.697,-82.77199999999999,-82.7575
Q34F,27.7115,27.697,-82.7575,-82.743
Q34G,27.7115,27.697,-82.743,-82.7285
Q34H,27.7115,27.697,-82.7285,-82.714
Q34I,27.7115,27.697,-82.714,-82.6995
Q34J,27.7115,27.697,-82.6995,-82.685
Q34K,27.7115,27.697,-82.685,-82.6705
Q34L,27.7115,27.697,-82.6705,-82.656
Q34M,27.7115,27.697,-82.65599999999999,-82.6415
Q34N,27.7115,27.697,-82.6415,-82.627
Q34O,27.7115,27.697,-82.627,-82.6125
Q34P,27.7115,27.697,-82.6125,-82.598
Q34Q,27.7115,27.697,-82.598,-82.5835
Q34R,27.7115,27.697,-82.5835,-82.569
Q34S,27.7115,27.697,-82.569,-82.5545
Q34T,27.7115,27.697,-82.5545,-82.54
Q34U,27.7115,27.697,-82.53999999999999,-82.5255
Q34V,27.7115,27.697,-82.5255,-82.511
Q34W,27.7115,27.697,-82.511,-82.4965
Q34X,27.7115,27.697,-82.4965,-82.482
Q34Y,27.7115,27.697,-82.482,-82.4675
Q34Z,27.7115,27.697,-82.4675,-82.453
Q34[,27.7115,27.697,-82.453,-82.4385
Q34\,27.7115,27.697,-82.4385,-82.424
Q34],27.7115,27.697,-82.42399999999999,-82.4095
Q34^,27.7115,27.697,-82.4095,-82.395
Q34_,27.7115,27.697,-82.395,-82.3805
Q34`,27.7115,27.697,-82.3805,-82.366
Q34a,27.7115,27.697,-82.366,-82.3515
Q34b,27.7115,27.697,-82.3515,-82.337
Q34c,27.7115,27.697,-82.337,-82.3225
Q34d,27.7115,27.697,-82.3225,-82.308
Q34e,27.7115,27.697,-82.30799999999999,-82.2935
Q34f,27.7115,27.697,-82.2935,-82.279
Q34g,27.7115,27.697,-82.279,-82.2645
Q34h,27.7115,27.697,-82.2645,-82.25
Q34i,27.7115,27.697,-82.25,-82.2355
Q34j,27.7115,27.697,-82.2355,-82.221
Q34k,27.7115,27.697,-82.221,-82.2065
Q35A,27.697000000000003,27.6825,-82.83,-82.8155
Q35B,27.697000000000003,27.6825,-82.8155,-82.801
Q35C,27.697000000000003,27.6825,-82.801,-82.7865
Q35D,27.697000000000003,27.6825,-82.7865,-82.772
Q35E,27.697000000000003,27.6825,-82.77199999999999,-82.7575
Q35F,27.697000000000003,27.6825,-82.7575,-82.743
Q35G,27.697000000000003,27.6825,-82.743,-82.7285
Q35H,27.697000000000003,27.6825,-82.7285,-82.714
Q35I,27.697000000000003,27.6825,-82.714,-82.6995
Q35J,27.697000000000003,27.6825,-82.6995,-82.685
Q35K,27.697000000000003,27.6825,-82.685,-82.6705
Q35L,27.697000000000003,27.6825,-82.6705,-82.656
Q35M,27.697000000000003,27.6825,-82.65599999999999,-82.6415
Q35N,27.697000000000003,27.6825,-82.6415,-82.627
Q35O,27.697000000000003,27.6825,-82.627,-82.6125
Q35P,27.697000000000003,27.6825,-82.6125,-82.598
Q35Q,27.697000000000003,27.6825,-82.598,-82.5835
Q35R,27.697000000000003,27.6825,-82.5835,-82.569
Q35S,27.697000000000003,27.6825,-82.569,-82.5545
Q35T,27.697000000000003,27.6825,-82.5545,-82.54
Q35U,27.697000000000003,27.6825,-82.53999999999999,-82.5255
Q35V,27.697000000000003,27.6825,-82.5255,-82.511
Q35W,27.697000000000003,27.6825,-82.511,-82.4965
Q35X,27.697000000000003,27.6825,-82.4965,-82.482
Q35Y,27.697000000000003,27.6825,-82.482,-82.4675
Q35Z,27.697000000000003,27.6825,-82.4675,-82.453
Q35[,27.697000000000003,27.6825,-82.453,-82.4385
Q35\,27.697000000000003,27.6825,-82.4385,-82.424
Q35],27.697000000000003,27.6825,-82.42399999999999,-82.4095
Q35^,27.697000000000003,27.6825,-82.4095,-82.395
Q35_,27.697000000000003,27.6825,-82.395,-82.3805
Q35`,27.697000000000003,27.6825,-82.3805,-82.366
Q35a,27.697000000000003,27.6825,-82.366,-82.3515
Q35b,27.697000000000003,27.6825,-82.3515,-82.337
Q35c,27.697000000000003,27.6825,-82.337,-82.3225
Q35d,27.697000000000003,27.6825,-82.3225,-82.308
Q35e,27.697000000000003,27.6825,-82.30799999999999,-82.2935
Q35f,27.697000000000003,27.6825,-82.2935,-82.279
Q35g,27.697000000000003,27.6825,-82.279,-82.2645
Q35h,27.697000000000003,27.6825,-82.2645,-82.25
Q35i,27.697000000000003,27.6825,-82.25,-82.2355
Q35j,27.697000000000003,27.6825,-82.2355,-82.221
Q35k,27.697000000000003,27.6825,-82.221,-82.2065
Q36A,27.6825,27.668,-82.83,-82.8155
Q36B,27.6825,27.668,-82.8155,-82.801
Q36C,27.6825,27.668,-82.801,-82.7865
Q36D,27.6825,27.668,-82.7865,-82.772
Q36E,27.6825,27.668,-82.77199999999999,-82.7575
Q36F,27.6825,27.668,-82.7575,-82.743
Q36G,27.6825,27.668,-82.743,-82.7285
Q36H,27.6825,27.668,-82.7285,-82.714
Q36I,27.6825,27.668,-82.714,-82.6995
Q36J,27.6825,27.668,-82.6995,-82.685
Q36K,27.6825,27.668,-82.685,-82.6705
Q36L,27.6825,27.668,-82.6705,-82.656
Q36M,27.6825,27.668,-82.65599999999999,-82.6415
Q36N,27.6825,27.668,-82.6415,-82.627
Q36O,27.6825,27.668,-82.627,-82.6125
Q36P,27.6825,27.668,-82.6125,-82.598
Q36Q,27.6825,27.668,-82.598,-82.5835
Q36R,27.6825,27.668,-82.5835,-82.569
Q36S,27.6825,27.668,-82.569,-82.5545
Q36T,27.6825,27.668,-82.5545,-82.54
Q36U,27.6825,27.668,-82.53999999999999,-82.5255
Q36V,27.6825,27.668,-82.5255,-82.511
Q36W,27.6825,27.668,-82.511,-82.4965
Q36X,27.6825,27.668,-82.4965,-82.482
Q36Y,27.6825,27.668,-82.482,-82.4675
Q36Z,27.6825,27.668,-82.4675,-82.453
Q36[,27.6825,27.668,-82.453,-82.4385
Q36\,27.6825,27.668,-82.4385,-82.424
Q36],27.6825,27.668,-82.42399999999999,-82.4095
Q36^,27.6825,27.668,-82.4095,-82.395
Q36_,27.6825,27.668,-82.395,-82.3805
Q36`,27.6825,27.668,-82.3805,-82.366
Q36a,27.6825,27.668,-82.366,-82.3515
Q36b,27.6825,27.668,-82.3515,-82.337
Q36c,27.6825,27.668,-82.337,-82.3225
Q36d,27.6825,27.668,-82.3225,-82.308
Q36e,27.6825,27.668,-82.30799999999999,-82.2935
Q36f,27.6825,27.668,-82.2935,-82.279
Q36g,27.6825,27.668,-82.279,-82.2645
Q36h,27.6825,27.668,-82.2645,-82.25
Q36i,27.6825,27.668,-82.25,-82.2355
Q36j,27.6825,27.668,-82.2355,-82.221
Q36k,27.6825,27.668,-82.221,-82.2065
Q37A,27.668000000000003,27.6535,-82.83,-82.8155
Q37B,27.668000000000003,27.6535,-82.8155,-82.801
Q37C,27.668000000000003,27.6535,-82.801,-82.7865
Q37D,27.668000000000003,27.6535,-82.7865,-82.772
Q37E,27.668000000000003,27.6535,-82.77199999999999,-82.7575
Q37F,27.668000000000003,27.6535,-82.7575,-82.743
Q37G,27.668000000000003,27.6535,-82.743,-82.7285
Q37H,27.668000000000003,27.6535,-82.7285,-82.714
Q37I,27.668000000000003,27.6535,-82.714,-82.6995
Q37J,27.668000000000003,27.6535,-82.6995,-82.685
Q37K,27.668000000000003,27.6535,-82.685,-82.6705
Q37L,27.668000000000003,27.6535,-82.6705,-82.656
Q37M,27.668000000000003,27.6535,-82.65599999999999,-82.6415
Q37N,27.668000000000003,27.6535,-82.6415,-82.627
Q37O,27.668000000000003,27.6535,-82.627,-82.6125
Q37P,27.668000000000003,27.6535,-82.6125,-82.598
Q37Q,27.668000000000003,27.6535,-82.598,-82.5835
Q37R,27.668000000000003,27.6535,-82.5835,-82.569
Q37S,27.668000000000003,27.6535,-82.569,-82.5545
Q37T,27.668000000000003,27.6535,-82.5545,-82.54
Q37U,27.668000000000003,27.6535,-82.53999999999999,-82.5255
Q37V,27.668000000000003,27.6535,-82.5255,-82.511
Q37W,27.668000000000003,27.6535,-82.511,-82.4965
Q37X,27.668000000000003,27.6535,-82.4965,-82.482
Q37Y,27.668000000000003,27.6535,-82.482,-82.4675
Q37Z,27.668000000000003,27.6535,-82.4675,-82.453
Q37[,27.668000000000003,27.6535,-82.453,-82.4385
Q37\,27.668000000000003,27.6535,-82.4385,-82.424
Q37],27.668000000000003,27.6535,-82.42399999999999,-82.4095
Q37^,27.668000000000003,27.6535,-82.4095,-82.395
Q37_,27.668000000000003,27.6535,-82.395,-82.3805
Q37`,27.668000000000003,27.6535,-82.3805,-82.366
Q37a,27.668000000000003,27.6535,-82.366,-82.3515
Q37b,27.668000000000003,27.6535,-82.3515,-82.337
Q37c,27.668000000000003,27.6535,-82.337,-82.3225
Q37d,27.668000000000003,27.6535,-82.3225,-82.308
Q37e,27.668000000000003,27.6535,-82.30799999999999,-82.2935
Q37f,27.668000000000003,27.6535,-82.2935,-82.279
Q37g,27.668000000000003,27.6535,-82.279,-82.2645
Q37h,27.668000000000003,27.6535,-82.2645,-82.25
Q37i,27.668000000000003,27.6535,-82.25,-82.2355
Q37j,27.668000000000003,27.6535,-82.2355,-82.221
Q37k,27.668000000000003,27.6535,-82.221,-82.2065
Q38A,27.6535,27.639,-82.83,-82.8155
Q38B,27.6535,27.639,-82.8155,-82.801
Q38C,27.6535,27.639,-82.801,-82.7865
Q38D,27.6535,27.639,-82.7865,-82.772
Q38E,27.6535,27.639,-82.77199999999999,-82.7575
Q38F,27.6535,27.639,-82.7575,-82.743
Q38G,27.6535,27.639,-82.743,-82.7285
Q38H,27.6535,27.639,-82.7285,-82.714
Q38I,27.6535,27.639,-82.714,-82.6995
Q38J,27.6535,27.639,-82.6995,-82.685
Q38K,27.6535,27.639,-82.685,-82.6705
Q38L,27.6535,27.639,-82.6705,-82.656
Q38M,27.6535,27.639,-82.65599999999999,-82.6415
Q38N,27.6535,27.639,-82.6415,-82.627
Q38O,27.6535,27.639,-82.627,-82.6125
Q38P,27.6535,27.639,-82.6125,-82.598
Q38Q,27.6535,27.639,-82.598,-82.5835
Q38R,27.6535,27.639,-82.5835,-82.569
Q38S,27.6535,27.639,-82.569,-82.5545
Q38T,27.6535,27.639,-82.5545,-82.54
Q38U,27.6535,27.639,-82.53999999999999,-82.5255
Q38V,27.6535,27.639,-82.5255,-82.511
Q38W,27.6535,27.639,-82.511,-82.4965
Q38X,27.6535,27.639,-82.4965,-82.482
Q38Y,27.6535,27.639,-82.482,-82.4675
Q38Z,27.6535,27.639,-82.4675,-82.453
Q38[,27.6535,27.639,-82.453,-82.4385
Q38\,27.6535,27.639,-82.4385,-82.424
Q38],27.6535,27.639,-82.42399999999999,-82.4095
Q38^,27.6535,27.639,-82.4095,-82.395
Q38_,27.6535,27.639,-82.395,-82.3805
Q38`,27.6535,27.639,-82.3805,-82.366
Q38a,27.6535,27.639,-82.366,-82.3515
Q38b,27.6535,27.639,-82.3515,-82.337
Q38c,27.6535,27.639,-82.337,-82.3225
Q38d,27.6535,27.639,-82.3225,-82.308
Q38e,27.6535,27.639,-82.30799999999999,-82.2935
Q38f,27.6535,27.639,-82.2935,-82.279
Q38g,27.6535,27.639,-82.279,-82.2645
Q38h,27.6535,27.639,-82.2645,-82.25
Q38i,27.6535,27.639,-82.25,-82.2355
Q38j,27.6535,27.639,-82.2355,-82.221
Q38k,27.6535,27.639,-82.221,-82.2065
